"","p_val","avg_logFC","pct.1","pct.2","p_val_adj","cluster","gene","pct.diff"
"FCN1",8.92953688940944e-187,1.61926050827064,0.77,0.105,1.76644098746297e-182,"0","FCN1",0.665
"TIMP1",5.70000870226797e-130,1.5405177427485,0.987,0.67,1.12757572148265e-125,"0","TIMP1",0.317
"SRGN",6.02464809077267e-108,0.820540981077654,0.996,0.895,1.19179588531665e-103,"0","SRGN",0.101
"S100A9",1.22716688662858e-103,1.19700787070653,0.983,0.524,2.42758153512866e-99,"0","S100A9",0.459
"APOBEC3A",3.38414764060928e-99,1.20173737541742,0.383,0.024,6.69452086265329e-95,"0","APOBEC3A",0.359
"S100A12",4.13580792257889e-98,1.17763835078299,0.655,0.161,8.18145523244555e-94,"0","S100A12",0.494
"S100A8",1.63486765691806e-97,1.11497818483455,0.948,0.427,3.2340951989153e-93,"0","S100A8",0.521
"S100A4",1.64352988256214e-94,0.88760783475844,0.99,0.661,3.25123081368443e-90,"0","S100A4",0.329
"TREM1",1.23034167488326e-84,0.902872278877314,0.824,0.332,2.43386190125406e-80,"0","TREM1",0.492
"ATP1B3",2.12234908396526e-84,0.890006661684667,0.937,0.598,4.19843095790008e-80,"0","ATP1B3",0.339
"FPR1",7.39969245109383e-81,0.943044600981184,0.582,0.159,1.46380716067538e-76,"0","FPR1",0.423
"CD300E",1.63531786442109e-79,0.883376342768221,0.596,0.165,3.2349857993978e-75,"0","CD300E",0.431
"S100A6",9.11949588457184e-79,0.697132749220418,0.996,0.773,1.804018675886e-74,"0","S100A6",0.223
"EMP3",2.37251581679225e-71,0.712310588080219,0.964,0.659,4.69331078877843e-67,"0","EMP3",0.305
"VCAN",3.28844547517291e-71,0.885484948886735,0.605,0.182,6.50520283898705e-67,"0","VCAN",0.423
"G0S2",3.3841773450277e-69,0.820118233642237,0.939,0.537,6.69457962393379e-65,"0","G0S2",0.402
"PNP",5.67738572692715e-66,0.84014197612687,0.596,0.201,1.12310044450073e-61,"0","PNP",0.395
"C19orf59",1.29379216080523e-63,0.783640655091036,0.584,0.184,2.5593796525049e-59,"0","C19orf59",0.4
"ATP2B1",2.89183598380557e-63,0.756743922941723,0.78,0.391,5.72062994316418e-59,"0","ATP2B1",0.389
"NFKBIA",1.06169505127777e-61,0.758807451523289,0.958,0.693,2.10024515043768e-57,"0","NFKBIA",0.265
"SLC2A3",1.69526822402761e-61,0.788338351743493,0.812,0.405,3.35357960077142e-57,"0","SLC2A3",0.407
"CD55",8.86287859650822e-61,0.776008858619895,0.793,0.428,1.75325464396126e-56,"0","CD55",0.365
"VEGFA",2.56705023084178e-60,0.779138870542895,0.634,0.25,5.0781387666512e-56,"0","VEGFA",0.384
"BTG1",8.18801615621002e-60,0.64610971842843,0.956,0.727,1.61975335602147e-55,"0","BTG1",0.229
"HPSE",1.04107825425354e-58,0.724016661151709,0.431,0.106,2.05946100256434e-54,"0","HPSE",0.325
"CFD",1.71334128232374e-58,0.631810672909273,0.605,0.208,3.38933172469281e-54,"0","CFD",0.397
"PPIF",2.28731425679213e-58,0.797284630574455,0.822,0.436,4.52476506278619e-54,"0","PPIF",0.386
"THBS1",2.57092027781803e-58,0.974578268817433,0.561,0.187,5.08579449357963e-54,"0","THBS1",0.374
"OLR1",4.58806758750654e-57,0.978359515410558,0.546,0.19,9.07611530160543e-53,"0","OLR1",0.356
"STXBP2",1.96724974303896e-56,0.737716569179242,0.69,0.32,3.89161344167968e-52,"0","STXBP2",0.37
"LYZ",8.61876767180115e-56,0.571068582666188,0.99,0.733,1.7049646208357e-51,"0","LYZ",0.257
"SLC25A37",1.72639128995452e-55,0.635655268937041,0.655,0.248,3.41514724978803e-51,"0","SLC25A37",0.407
"CTB-61M7.2",2.01373295704892e-54,0.664659906096805,0.45,0.121,3.98356653563418e-50,"0","CTB-61M7.2",0.329
"S100A10",2.23177903682199e-53,0.586594092241464,0.971,0.782,4.41490529064127e-49,"0","S100A10",0.189
"AQP9",3.78277918161583e-52,0.662975826766805,0.628,0.237,7.48309377707244e-48,"0","AQP9",0.391
"RILPL2",8.64292559912471e-52,0.675973420695091,0.755,0.387,1.70974354201885e-47,"0","RILPL2",0.368
"TGM2",2.62021747866121e-51,0.782888265006833,0.324,0.062,5.18331421628761e-47,"0","TGM2",0.262
"EREG",2.95942588354345e-51,0.796443309301645,0.793,0.428,5.85433628282565e-47,"0","EREG",0.365
"MCL1",1.00236162759246e-50,0.559698444631483,0.941,0.641,1.9828717717034e-46,"0","MCL1",0.3
"IL1RN",1.57722626560468e-50,0.821321146378811,0.808,0.424,3.12006899861918e-46,"0","IL1RN",0.384
"BCL2A1",1.97159881563152e-50,0.932686987922065,0.887,0.585,3.90021677708227e-46,"0","BCL2A1",0.302
"PLAUR",3.40047132052216e-50,0.651537632344951,0.96,0.636,6.72681236625693e-46,"0","PLAUR",0.324
"SERPINA1",5.96783485918739e-50,0.567089806219181,0.893,0.508,1.18055709184445e-45,"0","SERPINA1",0.385
"MIR4435-1HG",6.631911465308e-50,0.750718561352124,0.567,0.22,1.31192472606723e-45,"0","MIR4435-1HG",0.347
"SLC11A1",4.67503871563055e-49,0.572154460847778,0.609,0.23,9.24816158726035e-45,"0","SLC11A1",0.379
"NLRP3",7.91147917694136e-48,0.713723629262224,0.4,0.11,1.56504881078254e-43,"0","NLRP3",0.29
"ANPEP",3.81120702037935e-46,0.652073497300033,0.552,0.224,7.53932972771443e-42,"0","ANPEP",0.328
"SERPINB9",1.67515126649791e-45,0.571495580941624,0.822,0.481,3.31378423538616e-41,"0","SERPINB9",0.341
"CD44",4.63110550844913e-45,0.50565085570228,0.941,0.651,9.16125291681407e-41,"0","CD44",0.29
"IL1B",6.05674525276396e-44,0.727227098628239,0.874,0.529,1.19814534590177e-39,"0","IL1B",0.345
"LINC00936",6.90422940410308e-44,0.700264699276169,0.582,0.264,1.36579466071967e-39,"0","LINC00936",0.318
"CXCL2",1.19031401636336e-43,0.657116261927862,0.902,0.566,2.35467918717e-39,"0","CXCL2",0.336
"NEAT1",4.41680211630104e-43,0.518727901324902,0.96,0.651,8.73731794646672e-39,"0","NEAT1",0.309
"CLEC7A",7.3695563754635e-43,0.58915460124626,0.669,0.322,1.45784564219419e-38,"0","CLEC7A",0.347
"APLP2",8.26109350039456e-42,0.563893249605132,0.68,0.366,1.63420951624805e-37,"0","APLP2",0.314
"FPR2",5.51684173549333e-41,0.568112232138529,0.324,0.079,1.09134163211529e-36,"0","FPR2",0.245
"MAP3K8",8.90248261529782e-40,0.672890499348976,0.636,0.336,1.76108911095821e-35,"0","MAP3K8",0.3
"UPP1",9.4558385162829e-40,0.528802408630723,0.686,0.343,1.87055397529108e-35,"0","UPP1",0.343
"SLC43A2",1.21162127115254e-39,0.5273778277819,0.567,0.259,2.39682919859396e-35,"0","SLC43A2",0.308
"C5AR1",1.77001389685551e-39,0.602594336962941,0.626,0.3,3.50144149075958e-35,"0","C5AR1",0.326
"ITGAX",3.59004909511044e-39,0.54534046783219,0.479,0.188,7.10183511994747e-35,"0","ITGAX",0.291
"EHD1",3.97033781347124e-39,0.584144885304092,0.579,0.27,7.8541222626088e-35,"0","EHD1",0.309
"YBX3",1.98119146019968e-38,0.609478271567294,0.644,0.336,3.91919294656701e-34,"0","YBX3",0.308
"GK",4.94335116728442e-38,0.555877687115524,0.669,0.363,9.77893727912203e-34,"0","GK",0.306
"DUSP6",1.15281847047377e-37,0.603176503108259,0.439,0.157,2.28050549829122e-33,"0","DUSP6",0.282
"WARS",3.57856756508971e-36,0.707481805379927,0.49,0.212,7.07912235726047e-32,"0","WARS",0.278
"SERPINB1",1.17327067926929e-35,0.506835808599202,0.82,0.538,2.32096405773052e-31,"0","SERPINB1",0.282
"RP11-290F20.3",3.80647249864169e-35,0.578221824279632,0.531,0.232,7.52996389681299e-31,"0","RP11-290F20.3",0.299
"LINC00152",5.52981924895809e-35,0.606718497526806,0.59,0.292,1.09390884382889e-30,"0","LINC00152",0.298
"LCP2",1.55091449557455e-34,0.55563300098646,0.492,0.206,3.06801905514558e-30,"0","LCP2",0.286
"ATP13A3",2.22670854577887e-34,0.514213813330363,0.63,0.327,4.40487484525976e-30,"0","ATP13A3",0.303
"CCL2",1.62921046181084e-33,1.38880402753499,0.372,0.129,3.22290413555419e-29,"0","CCL2",0.243
"CHMP1B",1.41322026861859e-32,0.546142180386812,0.785,0.521,2.7956323353813e-28,"0","CHMP1B",0.264
"RP11-1143G9.4",1.9766633194131e-32,0.555199790645881,0.615,0.301,3.910235378463e-28,"0","RP11-1143G9.4",0.314
"SELK",2.61791222573222e-32,0.544082255562672,0.799,0.534,5.17875396494347e-28,"0","SELK",0.265
"GABARAPL1",1.65043457102467e-31,0.529111661127878,0.5,0.237,3.264889668401e-27,"0","GABARAPL1",0.263
"TNFRSF1A",3.02925809468105e-31,0.560084384710785,0.45,0.206,5.99247836289806e-27,"0","TNFRSF1A",0.244
"EMP1",4.19966400037381e-31,0.548657738475801,0.408,0.156,8.30777532553947e-27,"0","EMP1",0.252
"ISG20",2.48804733440656e-29,0.705337650382384,0.596,0.328,4.92185523692306e-25,"0","ISG20",0.268
"TGFBI",3.09686460941737e-29,0.581374890786132,0.686,0.415,6.12621757034943e-25,"0","TGFBI",0.271
"CCRL2",8.28695645589249e-28,0.500694278276818,0.494,0.238,1.63932572610465e-23,"0","CCRL2",0.256
"TMEM107",2.11564103734983e-25,0.624889090721464,0.358,0.15,4.18516110008544e-21,"0","TMEM107",0.208
"OSM",3.74686161146697e-25,0.514624213717283,0.251,0.076,7.41204163980397e-21,"0","OSM",0.175
"RETN",1.67226919457816e-22,0.506486917232816,0.312,0.118,3.30808292071453e-18,"0","RETN",0.194
"CCL20",9.15293074648941e-21,0.576018773494815,0.567,0.328,1.81063276027053e-16,"0","CCL20",0.239
"THBD",3.68852461869042e-19,0.538512922564218,0.36,0.173,7.29663940069338e-15,"0","THBD",0.187
"ISG15",1.96428854018483e-15,0.814883173879496,0.611,0.41,3.88575559019363e-11,"0","ISG15",0.201
"TMSB4X",1.12249720093818e-63,0.597484858645449,1,0.999,2.22052396289591e-59,"1","TMSB4X",0.001
"C1QC",1.30156687948854e-59,1.91248167626932,0.557,0.2,2.57475960100422e-55,"1","C1QC",0.357
"C1QA",3.76744938989063e-59,1.58099285617275,0.61,0.228,7.45276838308165e-55,"1","C1QA",0.382
"C1QB",3.91967143129464e-58,1.72105200803388,0.579,0.21,7.75389402538705e-54,"1","C1QB",0.369
"SEPP1",9.6991401275431e-42,2.03385491909352,0.322,0.078,1.91868390003058e-37,"1","SEPP1",0.244
"AIF1",7.60277412501999e-32,0.951412055401293,0.776,0.763,1.50398077741145e-27,"1","AIF1",0.013
"ARHGDIB",5.14509991000178e-29,1.10920411647674,0.652,0.595,1.01780366419655e-24,"1","ARHGDIB",0.0570000000000001
"HLA-DPB1",8.25325156697858e-27,0.625281119779336,0.854,0.856,1.6326582249797e-22,"1","HLA-DPB1",-0.002
"GPX1",2.09026163070438e-26,0.671042856118635,0.821,0.888,4.1349555578594e-22,"1","GPX1",-0.0670000000000001
"FTL",3.35784052405279e-26,0.560123295689195,0.99,0.995,6.64248012468123e-22,"1","FTL",-0.005
"APOE",5.75101367490672e-26,1.55629630115385,0.431,0.208,1.13766552517005e-21,"1","APOE",0.223
"VAMP8",1.4442577026528e-22,1.05656340527017,0.582,0.521,2.85703058738778e-18,"1","VAMP8",0.0609999999999999
"CD74",1.16863918819861e-21,0.744667767152505,0.912,0.953,2.3118020420945e-17,"1","CD74",-0.0409999999999999
"HLA-DPA1",2.52262746712573e-19,0.71649961634479,0.811,0.843,4.99026165546813e-15,"1","HLA-DPA1",-0.0319999999999999
"CST3",4.1675042252457e-18,0.872494261005081,0.806,0.823,8.24415685838105e-14,"1","CST3",-0.0169999999999999
"HLA-DQA1",1.34608549429552e-14,0.6832523231495,0.673,0.599,2.6628263248154e-10,"1","HLA-DQA1",0.0740000000000001
"APOC1",1.63558354463729e-13,1.14398554941239,0.368,0.225,3.23551136800149e-09,"1","APOC1",0.143
"RPL31",2.97720646428123e-13,0.547224856983561,0.824,0.944,5.88950982764113e-09,"1","RPL31",-0.12
"AKR1B1",9.93681040703057e-12,0.983229413110288,0.287,0.173,1.96569983471879e-07,"1","AKR1B1",0.114
"GSTP1",9.10650067348936e-10,0.541897259170675,0.637,0.741,1.80144796322967e-05,"1","GSTP1",-0.104
"MS4A6A",2.89788186342969e-09,0.880296896494751,0.448,0.391,5.73258990223662e-05,"1","MS4A6A",0.057
"HLA-DQB1",7.24656205521813e-09,0.668480562582873,0.662,0.748,0.000143351490576325,"1","HLA-DQB1",-0.086
"CTSD",1.67504486008241e-08,0.885625791448765,0.567,0.593,0.000331357374221502,"1","CTSD",-0.026
"COX7C",1.37615624690137e-07,0.563084782137686,0.642,0.842,0.00272231228762028,"1","COX7C",-0.2
"PRDX1",1.33836372252071e-06,0.728430898574394,0.574,0.7,0.0264755111589046,"1","PRDX1",-0.126
"HLA-DRB1",2.32623782725708e-06,0.578850675411103,0.788,0.92,0.0460176366987996,"1","HLA-DRB1",-0.132
"C1QA1",3.11919363514889e-79,1.04285966475958,0.777,0.223,6.17038884905153e-75,"2","C1QA",0.554
"C1QC1",1.94693804545116e-73,0.665008210709603,0.739,0.19,3.85143284151148e-69,"2","C1QC",0.549
"CTSD1",1.52556636616094e-72,1.16223874338672,0.914,0.526,3.01787538553956e-68,"2","CTSD",0.388
"C1QB1",3.84139879320081e-72,0.912334883659344,0.732,0.207,7.59905509270985e-68,"2","C1QB",0.525
"A2M",6.46375131002756e-71,1.02168857860017,0.433,0.063,1.27865928414965e-66,"2","A2M",0.37
"GPNMB",8.25894474681428e-71,0.884936977472623,0.622,0.146,1.6337844498148e-66,"2","GPNMB",0.476
"APOE1",1.00972528970327e-69,1.11633340917846,0.663,0.18,1.997438568091e-65,"2","APOE",0.483
"SLCO2B1",1.65830378012202e-64,0.625839389499084,0.323,0.032,3.28045653783738e-60,"2","SLCO2B1",0.291
"CTSZ",1.29627474622073e-63,1.06894576407036,0.763,0.316,2.56429070297385e-59,"2","CTSZ",0.447
"FTL1",2.69285099259245e-61,0.714667579688562,1,0.992,5.32699783354639e-57,"2","FTL",0.00800000000000001
"MSR1",2.65994258386148e-60,0.788982618424589,0.375,0.054,5.26189841939477e-56,"2","MSR1",0.321
"STAB1",1.89167408750567e-59,0.783199399658493,0.43,0.081,3.74210967990371e-55,"2","STAB1",0.349
"LGMN1",1.2467548315553e-55,0.919214112248388,0.794,0.357,2.46633040778269e-51,"2","LGMN",0.437
"TREM2",8.68519770481316e-55,0.721922399264644,0.368,0.058,1.71810580996614e-50,"2","TREM2",0.31
"APOC11",3.54362542722544e-54,1.27200038461898,0.612,0.189,7.00999982013736e-50,"2","APOC1",0.423
"CTSB",7.74057422944381e-54,0.873160258641202,0.959,0.72,1.53124039406858e-49,"2","CTSB",0.239
"RNASE1",7.16125254953354e-52,1.36038890006056,0.326,0.049,1.41663897934872e-47,"2","RNASE1",0.277
"SGK1",2.91240742334227e-51,0.97359742253104,0.79,0.383,5.76132436485568e-47,"2","SGK1",0.407
"MS4A7",3.48169883101605e-51,0.846102095284199,0.739,0.302,6.88749662751595e-47,"2","MS4A7",0.437
"LHFPL2",2.19158554826026e-50,0.619090844024482,0.357,0.061,4.33539453156845e-46,"2","LHFPL2",0.296
"TIMP2",6.09306335846687e-48,0.708421721282884,0.485,0.13,1.20532979357192e-43,"2","TIMP2",0.355
"NPC2",8.39186995654096e-48,0.653908715952363,0.959,0.823,1.66007971480293e-43,"2","NPC2",0.136
"FCGR3A",1.50783946761546e-46,0.723704823247021,0.591,0.197,2.98280803483691e-42,"2","FCGR3A",0.394
"LIPA",2.15380624064798e-45,0.568980702066719,0.509,0.145,4.26065950524982e-41,"2","LIPA",0.364
"C1orf54",5.86138403932613e-45,0.586208605343262,0.467,0.118,1.1594989906595e-40,"2","C1orf54",0.349
"PSAP",1.29962996792957e-43,0.640018951726309,0.962,0.767,2.57092800255828e-39,"2","PSAP",0.195
"CD81",1.72420813351734e-43,0.738845523305994,0.54,0.177,3.410828529724e-39,"2","CD81",0.363
"CD9",4.32227237107277e-43,0.816695839584285,0.66,0.264,8.55031920445616e-39,"2","CD9",0.396
"RGS1",7.62402559327313e-42,1.00654424067785,0.801,0.421,1.50818474286129e-37,"2","RGS1",0.38
"RNF130",9.78427710404441e-42,0.570447822156562,0.78,0.382,1.93552569672207e-37,"2","RNF130",0.398
"ABL2",1.33012404993435e-41,0.771607684018578,0.553,0.195,2.63125139558013e-37,"2","ABL2",0.358
"ITM2B1",8.25084228051756e-41,0.595939923988858,0.945,0.753,1.63218161993198e-36,"2","ITM2B",0.192
"MS4A6A1",2.16320475691692e-40,0.715082473509103,0.735,0.341,4.27925165013306e-36,"2","MS4A6A",0.394
"ACP5",4.63681557787503e-40,0.769676191982012,0.612,0.251,9.17254857615239e-36,"2","ACP5",0.361
"ARHGAP18",7.55592833794565e-39,0.524525958426454,0.337,0.075,1.49471374381241e-34,"2","ARHGAP18",0.262
"FPR3",2.55204943499236e-38,0.585529453116762,0.43,0.118,5.04846419230188e-34,"2","FPR3",0.312
"MPEG1",2.98466211205999e-38,0.647681770539558,0.474,0.148,5.90425859007708e-34,"2","MPEG1",0.326
"GPR183",3.57083503962621e-38,0.734030022642303,0.88,0.532,7.06382587538856e-34,"2","GPR183",0.348
"SLC40A1",7.02849457584073e-38,0.545698498612641,0.32,0.061,1.39037679699281e-33,"2","SLC40A1",0.259
"CTSC",1.59672937427299e-37,0.546010452644004,0.787,0.428,3.15865004818682e-33,"2","CTSC",0.359
"FGL2",1.19679492146971e-36,0.618169996964351,0.55,0.197,2.36749971365139e-32,"2","FGL2",0.353
"FOSB",1.7815740444331e-36,0.967401027413323,0.794,0.448,3.52430977469756e-32,"2","FOSB",0.346
"ARL4C",2.65041831375847e-36,0.760718772506134,0.619,0.262,5.243057508277e-32,"2","ARL4C",0.357
"KLF6",1.15123166834281e-34,0.659442966879185,0.921,0.637,2.27736648631574e-30,"2","KLF6",0.284
"ZFP36",1.94859047449653e-33,0.791648873890256,0.849,0.52,3.85470167664903e-29,"2","ZFP36",0.329
"TFRC",5.97776128253073e-33,0.694404722543431,0.526,0.212,1.18252073691023e-28,"2","TFRC",0.314
"HLA-DMB",7.41987469821926e-33,0.56410603577769,0.701,0.347,1.46779961280173e-28,"2","HLA-DMB",0.354
"CD163",1.51495295259328e-32,0.552131524734587,0.454,0.148,2.99687993082002e-28,"2","CD163",0.306
"JUND",8.39732763954391e-32,0.797803342007213,0.818,0.525,1.66115935365458e-27,"2","JUND",0.293
"CYBB",2.91805296081452e-31,0.61298465303399,0.608,0.271,5.77249236708328e-27,"2","CYBB",0.337
"LAMP1",5.29225043309492e-31,0.5705854407916,0.629,0.299,1.04691298067484e-26,"2","LAMP1",0.33
"LMNA",8.30318996103148e-30,0.599520290402789,0.759,0.413,1.64253703809125e-25,"2","LMNA",0.346
"NR4A2",6.9363293307009e-29,1.04828832109717,0.55,0.253,1.37214466819925e-24,"2","NR4A2",0.297
"EGR1",1.11479052760809e-28,1.02412379931499,0.285,0.073,2.20527862171433e-24,"2","EGR1",0.212
"CCL4",1.55337933452774e-28,0.561783744001722,0.742,0.421,3.07289499956278e-24,"2","CCL4",0.321
"CD4",2.17165589011049e-28,0.500372784782497,0.436,0.16,4.29596968181658e-24,"2","CD4",0.276
"CD83",1.2270543981143e-26,0.665178287249888,0.78,0.474,2.42735901034971e-22,"2","CD83",0.306
"DUSP1",8.01910024372532e-26,0.632577237842695,0.921,0.669,1.58633841021374e-21,"2","DUSP1",0.252
"TSC22D1",1.08885713730583e-25,0.635966786184317,0.371,0.125,2.15397718901839e-21,"2","TSC22D1",0.246
"MMP9",6.02202964852837e-25,0.826503948319274,0.546,0.255,1.19127790507188e-20,"2","MMP9",0.291
"RHOB",9.02517556255915e-25,0.507151953727858,0.289,0.082,1.78536022978545e-20,"2","RHOB",0.207
"IER3",4.13243300827969e-24,0.57493187837647,0.9,0.597,8.17477897697888e-20,"2","IER3",0.303
"PLA2G7",5.65366778049075e-24,0.516863434008106,0.509,0.231,1.11840856033668e-19,"2","PLA2G7",0.278
"JUNB",5.90520645424503e-24,0.98295443054962,0.704,0.449,1.16816794077875e-19,"2","JUNB",0.255
"PLIN2",4.20782288470668e-23,0.581163323397099,0.68,0.382,8.32391523052675e-19,"2","PLIN2",0.298
"KLF4",2.29539296829688e-21,0.640551431754894,0.622,0.351,4.54074636988488e-17,"2","KLF4",0.271
"MAFF",5.71413469199537e-21,0.58896675139592,0.481,0.244,1.13037012477052e-16,"2","MAFF",0.237
"ICAM1",2.4339183010572e-20,0.554818027373059,0.674,0.416,4.81477718315136e-16,"2","ICAM1",0.258
"JUN",1.1970856550143e-19,1.02988371716206,0.54,0.294,2.36807484274928e-15,"2","JUN",0.246
"FABP5",3.2355966979962e-19,0.533662711632059,0.663,0.403,6.40065738797608e-15,"2","FABP5",0.26
"DUSP2",8.23435994524118e-19,0.75196684346013,0.388,0.173,1.62892108436761e-14,"2","DUSP2",0.215
"CKS2",3.34857925698644e-18,0.515194380862425,0.392,0.173,6.62415948617058e-14,"2","CKS2",0.219
"DNAJB1",1.50001472489494e-17,0.688222295836429,0.375,0.171,2.96732912878717e-13,"2","DNAJB1",0.204
"IFI6",2.23847710909245e-17,0.78013275897951,0.598,0.377,4.42815541720668e-13,"2","IFI6",0.221
"ATF3",6.96292387607128e-17,0.700788305851412,0.385,0.179,1.37740560116442e-12,"2","ATF3",0.206
"GADD45B",2.2589180042606e-16,0.605607574079802,0.595,0.37,4.46859159602833e-12,"2","GADD45B",0.225
"ZNF331",6.58588541988466e-16,0.518931330071562,0.299,0.12,1.30281985376158e-11,"2","ZNF331",0.179
"VMO1",9.45645596463636e-16,0.862642278917617,0.378,0.178,1.87067611892437e-11,"2","VMO1",0.2
"LY6E",9.45913536949597e-15,0.509552286227611,0.509,0.292,1.87120615879369e-10,"2","LY6E",0.217
"HSPA1A",1.25056613035934e-14,0.75889413862506,0.392,0.196,2.47386991907685e-10,"2","HSPA1A",0.196
"IER2",1.5041276881336e-14,0.578779598732127,0.426,0.227,2.97546539266589e-10,"2","IER2",0.199
"NR4A1",3.12383283919191e-13,0.608209083958497,0.323,0.162,6.17956612248944e-09,"2","NR4A1",0.161
"FOS",7.10624181799825e-12,0.990631074388666,0.729,0.554,1.40575675643641e-07,"2","FOS",0.175
"NFKBIZ",7.55943159329168e-12,0.508450088475301,0.405,0.24,1.49540675778496e-07,"2","NFKBIZ",0.165
"RGS2",2.92389091746152e-09,0.550487545919699,0.57,0.413,5.78404101292238e-05,"2","RGS2",0.157
"INHBA",7.18922901029384e-123,1.7008649448863,0.73,0.134,1.42217328281633e-118,"3","INHBA",0.596
"FTH1",6.60222401091307e-109,0.949309748486298,1,0.993,1.30605195383882e-104,"3","FTH1",0.00700000000000001
"CSTB",1.83941881615194e-86,1.44675540653226,0.958,0.7,3.63873830211177e-82,"3","CSTB",0.258
"SOD2",3.58000714224864e-86,1.11172931304884,0.996,0.78,7.08197012879627e-82,"3","SOD2",0.216
"C15orf48",3.51564075885876e-82,1.31538769720682,0.982,0.655,6.9546405491744e-78,"3","C15orf48",0.327
"IL1RN1",1.44729615843633e-79,1.19647243271961,0.944,0.446,2.86304126061874e-75,"3","IL1RN",0.498
"SDC2",5.21391531184078e-79,1.18039491033121,0.807,0.308,1.03141672698834e-74,"3","SDC2",0.499
"CCL3L3",8.29187498368227e-70,2.13423484983799,0.649,0.199,1.64029870927203e-65,"3","CCL3L3",0.45
"CCL3",6.00859230151346e-69,1.85023116777793,0.923,0.536,1.18861972908539e-64,"3","CCL3",0.387
"IL8",1.26986238930157e-67,1.24560788437078,0.993,0.703,2.51204177851637e-63,"3","IL8",0.29
"SPP1",8.23653999556872e-62,1.69785676144646,0.684,0.246,1.6293523419234e-57,"3","SPP1",0.438
"CXCL5",2.72744056053407e-61,2.00541428752714,0.46,0.095,5.39542291684849e-57,"3","CXCL5",0.365
"TNIP3",4.31794574844946e-61,0.984146700927251,0.4,0.068,8.54176027958272e-57,"3","TNIP3",0.332
"PLAUR1",1.73294711279936e-57,0.892982085468568,0.975,0.673,3.4281159785397e-53,"3","PLAUR",0.302
"MT2A",3.11804243529168e-57,1.57402101493516,0.814,0.415,6.168111545494e-53,"3","MT2A",0.399
"RAB13",2.69479987724866e-54,0.872744213316865,0.667,0.254,5.3308531171733e-50,"3","RAB13",0.413
"CLEC4E",6.71157412485537e-54,1.03442195054148,0.688,0.281,1.32768359337889e-49,"3","CLEC4E",0.407
"IL1B1",1.52922708406007e-53,1.14500823646934,0.926,0.562,3.02511701768762e-49,"3","IL1B",0.364
"SERPINA11",5.24972663687044e-53,0.775383971953913,0.923,0.55,1.03850092330571e-48,"3","SERPINA1",0.373
"CXCL3",6.05888159355461e-53,1.46984466668447,0.881,0.536,1.19856795683697e-48,"3","CXCL3",0.345
"PTGS2",9.95309567769036e-51,1.34507721717037,0.681,0.278,1.96892138696071e-46,"3","PTGS2",0.403
"CCL41",1.22276908630655e-50,1.67132707428061,0.821,0.408,2.41888180653162e-46,"3","CCL4",0.413
"G0S21",1.43353733970461e-50,0.990382656066516,0.954,0.583,2.83582356540367e-46,"3","G0S2",0.371
"SLAMF9",3.033462484763e-50,1.03293661653109,0.418,0.098,6.00079548735817e-46,"3","SLAMF9",0.32
"SAT1",2.71827481532792e-49,0.621010489797326,1,0.945,5.37729123968169e-45,"3","SAT1",0.055
"CD441",1.78880984136794e-48,0.733159955987333,0.965,0.682,3.53862362819407e-44,"3","CD44",0.283
"ANXA5",2.97538667258579e-48,0.727436602666677,0.944,0.748,5.88590991570921e-44,"3","ANXA5",0.196
"SLC39A8",9.53532330500686e-48,1.12613292325386,0.519,0.169,1.88627765619646e-43,"3","SLC39A8",0.35
"TNFSF15",2.0619623711624e-46,1.33769398846884,0.298,0.048,4.07897396263347e-42,"3","TNFSF15",0.25
"CCL201",8.8560804907934e-45,1.27845974550448,0.712,0.331,1.75190984268875e-40,"3","CCL20",0.381
"CLEC5A",1.26287312240055e-44,0.921804554563215,0.547,0.192,2.49821561073277e-40,"3","CLEC5A",0.355
"CXCL21",1.46356385984547e-44,0.892272793261688,0.944,0.599,2.8952220275463e-40,"3","CXCL2",0.345
"GAPDH",2.57654794796276e-44,0.616557936713035,0.982,0.936,5.09692715065992e-40,"3","GAPDH",0.0459999999999999
"FCER1G",2.7136641178681e-43,0.594625241360425,0.993,0.845,5.36817035796667e-39,"3","FCER1G",0.148
"BNIP3L",2.06350155855061e-41,0.868056761022639,0.751,0.412,4.08201878312481e-37,"3","BNIP3L",0.339
"AQP91",5.13726505968086e-41,0.816308034175401,0.653,0.28,1.01625377410607e-36,"3","AQP9",0.373
"CXCL1",2.74430781658377e-40,1.58520628020456,0.604,0.248,5.42878972276601e-36,"3","CXCL1",0.356
"MIF",5.52136489559589e-40,0.803014329696986,0.832,0.58,1.09223640364678e-35,"3","MIF",0.252
"ITGB8",7.54626319695687e-40,0.650417978677438,0.291,0.054,1.49280178562201e-35,"3","ITGB8",0.237
"MMP14",1.08821554145649e-39,0.692047783765592,0.537,0.189,2.15270798410924e-35,"3","MMP14",0.348
"SLC25A371",2.72297501439995e-39,0.815365293470981,0.656,0.297,5.38658917348598e-35,"3","SLC25A37",0.359
"NAMPT",5.35834257473242e-39,0.671116209470035,0.867,0.589,1.05998732813357e-34,"3","NAMPT",0.278
"TNFAIP6",6.43502640263034e-36,1.07283277807894,0.484,0.175,1.27297692296833e-31,"3","TNFAIP6",0.309
"FLT1",3.24301720549109e-35,0.675710845251317,0.277,0.056,6.41533663590247e-31,"3","FLT1",0.221
"MMP19",4.18388368719539e-35,0.78090063704921,0.6,0.268,8.27655871000992e-31,"3","MMP19",0.332
"BCL2A11",8.34555755044127e-35,0.582988195496049,0.933,0.613,1.65091819462829e-30,"3","BCL2A1",0.32
"SLC7A11",2.65198023922164e-34,0.795607773323393,0.414,0.132,5.24614730922824e-30,"3","SLC7A11",0.282
"EREG1",2.9332737222507e-34,0.622691128467612,0.849,0.463,5.80260207735633e-30,"3","EREG",0.386
"ERO1L",6.19800060298956e-32,0.713164348820177,0.4,0.136,1.2260884792834e-27,"3","ERO1L",0.264
"TREM11",9.31697588161406e-32,0.617722824782571,0.744,0.407,1.84308416890089e-27,"3","TREM1",0.337
"NINJ1",2.24464014259939e-31,0.625552312777355,0.874,0.617,4.4403471300901e-27,"3","NINJ1",0.257
"CD63",2.55982472191221e-31,0.531314366711622,0.961,0.815,5.06384526488674e-27,"3","CD63",0.146
"CTSL",1.62746979198615e-30,0.641985221618427,0.884,0.574,3.219460742507e-26,"3","CTSL",0.31
"BASP1",8.57151660082722e-30,0.740825604261591,0.705,0.401,1.69561741397564e-25,"3","BASP1",0.304
"TPI1",2.33357266577084e-29,0.521012163138381,0.884,0.759,4.61627344742787e-25,"3","TPI1",0.125
"C4orf3",2.52944051819396e-28,0.664443962539599,0.835,0.627,5.0037392330913e-24,"3","C4orf3",0.208
"RP11-701P16.5",2.03020606145018e-27,0.752993683244328,0.305,0.085,4.01615363076075e-23,"3","RP11-701P16.5",0.22
"ATP13A31",9.00203289872957e-27,0.65629455522847,0.639,0.362,1.78078214802668e-22,"3","ATP13A3",0.277
"SLC16A10",1.03871912057725e-26,0.640640316122386,0.523,0.251,2.05479416432591e-22,"3","SLC16A10",0.272
"BCAT1",1.14622433009242e-25,0.634900163280557,0.442,0.195,2.26746096978882e-21,"3","BCAT1",0.247
"GK1",4.13551108363756e-25,0.586334096242378,0.684,0.398,8.18086802565181e-21,"3","GK",0.286
"PPIF1",1.75496639010762e-24,0.565159112747075,0.775,0.492,3.47167451291089e-20,"3","PPIF",0.283
"PDE4DIP",3.51933973384536e-24,0.581979796493229,0.505,0.243,6.96195786149288e-20,"3","PDE4DIP",0.262
"PGK1",3.98093892997317e-24,0.541081724144937,0.804,0.613,7.87509339127293e-20,"3","PGK1",0.191
"SEC61G",8.35642125749344e-24,0.586802621326528,0.895,0.716,1.65306725315735e-19,"3","SEC61G",0.179
"RP11-290F20.31",1.46154290304602e-23,0.57335853714918,0.54,0.267,2.89122417080563e-19,"3","RP11-290F20.3",0.273
"PID1",5.79829463456936e-23,0.622096843070489,0.354,0.135,1.14701864461051e-18,"3","PID1",0.219
"KYNU",2.73803235759562e-22,0.50705397463007,0.709,0.469,5.41637560979565e-18,"3","KYNU",0.24
"RGCC",4.89427712048667e-22,0.618129975245854,0.804,0.559,9.68185899974673e-18,"3","RGCC",0.245
"SLC11A11",8.7870915853935e-22,0.562507946099229,0.551,0.287,1.73826245742254e-17,"3","SLC11A1",0.264
"PILRA",1.37748851421717e-21,0.609053700014613,0.474,0.238,2.7249477788244e-17,"3","PILRA",0.236
"IL1A",1.56332146030708e-21,0.746791610859308,0.389,0.159,3.09256251277947e-17,"3","IL1A",0.23
"ZFYVE16",1.81883923153129e-21,0.55485999067108,0.421,0.188,3.59802776781519e-17,"3","ZFYVE16",0.233
"IL6",2.44552124485096e-21,1.40233811715187,0.368,0.15,4.83773012656417e-17,"3","IL6",0.218
"S100A81",6.58268645019601e-21,0.543881187685847,0.821,0.514,1.30218703357778e-16,"3","S100A8",0.307
"DNAAF1",1.33714368866997e-19,0.686108975873717,0.27,0.09,2.64513764492693e-15,"3","DNAAF1",0.18
"PLIN21",7.69392662862203e-19,0.516293146935954,0.639,0.391,1.52201256567401e-14,"3","PLIN2",0.248
"FNIP2",5.85079686107161e-18,0.51157263624205,0.421,0.206,1.15740463505719e-13,"3","FNIP2",0.215
"IL3RA",8.00742268913998e-18,0.541083860776904,0.411,0.199,1.58402835636567e-13,"3","IL3RA",0.212
"CARD16",1.0179937048425e-17,0.557200019252974,0.625,0.399,2.01379514691944e-13,"3","CARD16",0.226
"MARCO",3.17670863964019e-17,0.600143162152682,0.253,0.089,6.28416503093622e-13,"3","MARCO",0.164
"SLC2A31",8.53846370401735e-17,0.503376564996882,0.695,0.476,1.68907888992871e-12,"3","SLC2A3",0.219
"NUMB",2.73297193384116e-16,0.540447593965163,0.414,0.218,5.40636507952458e-12,"3","NUMB",0.196
"DUSP4",4.06621653740343e-16,0.505656314449476,0.579,0.362,8.04378955429147e-12,"3","DUSP4",0.217
"FNDC3B",1.32441070133879e-15,0.522745124262785,0.481,0.275,2.61994924938839e-11,"3","FNDC3B",0.206
"UPP11",2.07054753742827e-15,0.514911180932824,0.611,0.399,4.09595713854061e-11,"3","UPP1",0.212
"CD48",4.98353040927334e-15,0.572738393543001,0.596,0.429,9.85841985562452e-11,"3","CD48",0.167
"FCGR2B",1.57999476594574e-14,0.582705114709394,0.34,0.159,3.12554564599387e-10,"3","FCGR2B",0.181
"MMP91",3.45767547832067e-11,0.504419841711559,0.453,0.273,6.83997363121395e-07,"3","MMP9",0.18
"TWISTNB",2.18023923955617e-07,0.605255779982315,0.4,0.275,0.00431294926369001,"3","TWISTNB",0.125
"CCL19",4.35655377167372e-242,3.0314279607179,0.75,0.013,8.61813467112495e-238,"4","CCL19",0.737
"FSCN1",7.729211997891e-202,2.66684660968924,0.833,0.042,1.5289927174228e-197,"4","FSCN1",0.791
"LAMP3",1.44016582215014e-196,1.7455732357167,0.788,0.033,2.8489360293774e-192,"4","LAMP3",0.755
"CCL22",1.49271942047735e-181,3.04185152447054,0.773,0.041,2.95289755758829e-177,"4","CCL22",0.732
"LAD1",2.50268122757556e-140,1.10922023486429,0.47,0.01,4.95080400438998e-136,"4","LAD1",0.46
"TBC1D4",3.62959148714491e-138,1.26265392075246,0.568,0.024,7.18005787987007e-134,"4","TBC1D4",0.544
"CD200",4.58717205755636e-128,0.792935074514551,0.379,0.004,9.074343764258e-124,"4","CD200",0.375
"RAMP1",7.28397746211134e-123,1.66294796274331,0.576,0.034,1.44091642155487e-118,"4","RAMP1",0.542
"NCCRP1",6.07904859559805e-118,1.08075475676055,0.326,0.002,1.20255739318121e-113,"4","NCCRP1",0.324
"GRSF1",4.38734882791943e-110,1.471907539587,0.674,0.067,8.67905345139022e-106,"4","GRSF1",0.607
"HMSD",6.90799656481566e-110,0.682556897115332,0.333,0.004,1.36653988045183e-105,"4","HMSD",0.329
"CCR7",2.28154980349739e-107,2.24641876365863,0.735,0.094,4.51336182127854e-103,"4","CCR7",0.641
"NUB1",4.95641752203688e-101,1.3285200484693,0.591,0.052,9.80478514209336e-97,"4","NUB1",0.539
"TVP23A",5.04329823613266e-99,0.850400961574477,0.364,0.01,9.97665257071762e-95,"4","TVP23A",0.354
"IDO1",4.23241987539672e-97,2.20433427829062,0.727,0.1,8.37257299750979e-93,"4","IDO1",0.627
"EBI3",4.30676049588705e-96,2.05799768672889,0.659,0.079,8.51963361296376e-92,"4","EBI3",0.58
"CCL17",1.78651854265867e-94,2.02249085136014,0.386,0.015,3.53409098108739e-90,"4","CCL17",0.371
"LY75",1.57462368072876e-90,0.774104884577177,0.432,0.024,3.11492056521764e-86,"4","LY75",0.408
"POGLUT1",5.60249419175239e-88,0.80426179359573,0.417,0.023,1.10828540101246e-83,"4","POGLUT1",0.394
"DAPP1",2.77183378985935e-85,1.01239940775159,0.515,0.045,5.48324160309976e-81,"4","DAPP1",0.47
"ANXA6",6.27164127817257e-81,1.61622013304897,0.689,0.113,1.2406560776481e-76,"4","ANXA6",0.576
"CLIC2",3.71927233859857e-80,1.08833906403335,0.591,0.07,7.35746454021568e-76,"4","CLIC2",0.521
"FAM60A",9.87829852498965e-80,0.987302907467496,0.508,0.048,1.95412501421345e-75,"4","FAM60A",0.46
"CD70",2.54481886050605e-76,0.684737065924138,0.356,0.019,5.03416066985307e-72,"4","CD70",0.337
"SOCS2",4.5108794939947e-71,0.5959007997816,0.326,0.016,8.92342181502032e-67,"4","SOCS2",0.31
"BIRC3",5.24259925821264e-68,2.14248236486639,0.758,0.208,1.03709098525962e-63,"4","BIRC3",0.55
"LSP1",1.01599663952343e-65,1.74245193912423,0.917,0.367,2.00984455230525e-61,"4","LSP1",0.55
"TRAFD1",2.49033275477056e-65,0.708186941274434,0.28,0.012,4.92637625548712e-61,"4","TRAFD1",0.268
"RAB9A",1.4332747439191e-64,1.40025015576252,0.742,0.183,2.83530409842075e-60,"4","RAB9A",0.559
"EEF1A1",1.81687053654029e-62,1.21428574840779,1,0.988,3.59413329538401e-58,"4","EEF1A1",0.012
"LYST",1.56855428143068e-59,0.894714995573742,0.568,0.092,3.10291407952617e-55,"4","LYST",0.476
"MGLL",4.68240689203522e-59,0.855570676343219,0.447,0.053,9.26273731382408e-55,"4","MGLL",0.394
"TMSB10",2.18446539873816e-58,1.14371210764587,1,0.992,4.32130945178383e-54,"4","TMSB10",0.00800000000000001
"GPR157",8.79019814641652e-58,0.978254211757432,0.485,0.068,1.73887699732412e-53,"4","GPR157",0.417
"TXN",1.31522446827047e-57,2.14511201768144,0.962,0.776,2.60177704313264e-53,"4","TXN",0.186
"TRIP10",1.41673208063185e-53,0.655534139871982,0.409,0.048,2.80257940190592e-49,"4","TRIP10",0.361
"IL32",7.03509308413539e-53,1.26597424527312,0.636,0.136,1.39168211390366e-48,"4","IL32",0.5
"GADD45A",7.52040243422592e-52,1.07048182435755,0.508,0.085,1.48768600953857e-47,"4","GADD45A",0.423
"CERS6",8.21665951805139e-52,0.658886640109505,0.432,0.056,1.62541958586093e-47,"4","CERS6",0.376
"KDM2B",8.8331635579074e-52,0.549442516051449,0.364,0.038,1.74737641502524e-47,"4","KDM2B",0.326
"PLEKHA5",6.52744501423936e-50,0.815124824533414,0.288,0.023,1.29125917271683e-45,"4","PLEKHA5",0.265
"IL15",6.27363101468193e-48,0.610888084472156,0.288,0.024,1.24104968732438e-43,"4","IL15",0.264
"CST7",1.4557584534933e-47,1.31034722527165,0.659,0.165,2.87978137270045e-43,"4","CST7",0.494
"RPL10",4.20223750499425e-46,0.656342075354469,1,0.991,8.31286623237962e-42,"4","RPL10",0.00900000000000001
"PLA2G16",6.56472755995777e-46,1.11200361512903,0.417,0.063,1.29863440591085e-41,"4","PLA2G16",0.354
"ACTG1",7.80568588312068e-46,1.10049734644333,0.97,0.883,1.54412078139893e-41,"4","ACTG1",0.087
"KIF2A",1.97642733155511e-45,0.554807962694791,0.28,0.024,3.90976854728231e-41,"4","KIF2A",0.256
"PPA1",1.11162204063859e-44,1.36836736867685,0.818,0.33,2.19901072079125e-40,"4","PPA1",0.488
"NMRK1",9.17442164786912e-43,0.866573882799719,0.311,0.033,1.81488409038147e-38,"4","NMRK1",0.278
"TSPAN13",2.87204211806206e-42,0.543037066567601,0.326,0.037,5.68147371795037e-38,"4","TSPAN13",0.289
"ALDH2",4.2159134697423e-42,1.20778669951996,0.75,0.283,8.33992002584421e-38,"4","ALDH2",0.467
"PFN1",3.09701399703119e-41,0.726943123299531,1,0.945,6.12651308892709e-37,"4","PFN1",0.055
"CCDC50",5.01259448366252e-41,0.868498893987254,0.47,0.091,9.91591440758119e-37,"4","CCDC50",0.379
"SYNGR2",6.71467136428222e-41,1.13068167198223,0.75,0.291,1.32829628928231e-36,"4","SYNGR2",0.459
"RPS27L",1.89544402599986e-40,1.36944924633649,0.886,0.49,3.74956737223292e-36,"4","RPS27L",0.396
"ACTB",6.98213115023602e-39,1.02921111562619,1,0.997,1.38120518413969e-34,"4","ACTB",0.003
"SIAH2",7.64767864807137e-39,0.743800179453252,0.424,0.074,1.51286379016148e-34,"4","SIAH2",0.35
"CYB5A",2.30422129653579e-38,0.699178177379645,0.5,0.104,4.55821056880709e-34,"4","CYB5A",0.396
"RPL14",8.57335988396568e-37,0.814321992302899,0.977,0.873,1.69598205224609e-32,"4","RPL14",0.104
"CRIP1",1.48671708518825e-36,1.39603542071312,0.856,0.442,2.9410237379194e-32,"4","CRIP1",0.414
"RPS27A",6.18559272530907e-36,0.596441564276941,1,0.973,1.22363395292064e-31,"4","RPS27A",0.027
"RASSF4",4.35752645212133e-35,0.691206238163126,0.462,0.099,8.62005882758642e-31,"4","RASSF4",0.363
"TUBB",2.80029630599444e-34,1.09924756055676,0.758,0.33,5.53954615251821e-30,"4","TUBB",0.428
"ERICH1",4.10078229178728e-34,0.749177118755066,0.386,0.07,8.1121675296136e-30,"4","ERICH1",0.316
"TUBA1A",7.46266258123716e-34,1.20702127839372,0.682,0.246,1.47626391182033e-29,"4","TUBA1A",0.436
"FNBP1",1.59872608064147e-33,1.00976165672012,0.621,0.221,3.16259993272496e-29,"4","FNBP1",0.4
"HINT1",9.13076238047567e-33,0.972322465044375,0.886,0.598,1.8062474141057e-28,"4","HINT1",0.288
"MYL6",3.08374086195737e-32,0.702159416956258,0.97,0.938,6.10025617312407e-28,"4","MYL6",0.032
"RHOF",8.78784791332432e-32,0.802467490387945,0.477,0.114,1.73841207421382e-27,"4","RHOF",0.363
"CYTIP",1.3801929985062e-31,1.03008984868099,0.644,0.246,2.73029778964497e-27,"4","CYTIP",0.398
"MARCKSL1",6.66086751384725e-31,1.1954241324054,0.864,0.483,1.31765281158926e-26,"4","MARCKSL1",0.381
"TRADD",1.16772922066518e-30,0.586248530268288,0.386,0.077,2.31000194431987e-26,"4","TRADD",0.309
"GSTP11",1.27231587332767e-30,1.02257979976596,0.917,0.704,2.5168952606168e-26,"4","GSTP1",0.213
"GPX4",1.69365391180478e-30,0.893808240172704,0.894,0.746,3.35038616833221e-26,"4","GPX4",0.148
"FYTTD1",4.37205136940823e-30,0.698565375443537,0.462,0.113,8.64879201896335e-26,"4","FYTTD1",0.349
"COMMD1",8.78382745661175e-30,0.762573883790404,0.485,0.121,1.73761674746694e-25,"4","COMMD1",0.364
"TMSB4X1",2.25370555635385e-29,0.615371574156208,0.992,0.999,4.45828033157918e-25,"4","TMSB4X",-0.00700000000000001
"RPS7",2.66642351877714e-29,0.612325874010428,0.97,0.91,5.27471900484494e-25,"4","RPS7",0.0599999999999999
"FOXP1",1.27146212089286e-28,0.559463646310679,0.409,0.092,2.51520636755026e-24,"4","FOXP1",0.317
"SEC61B",2.14656171118436e-28,0.966398074321511,0.856,0.722,4.24632837706491e-24,"4","SEC61B",0.134
"ANXA7",2.4371793004394e-28,0.913091526509859,0.606,0.212,4.82122809212922e-24,"4","ANXA7",0.394
"RPL15",3.09216816564943e-28,0.556801981321878,1,0.951,6.1169270652877e-24,"4","RPL15",0.049
"RPL7A",3.91458204256579e-28,0.648824387865508,0.977,0.859,7.74382619660365e-24,"4","RPL7A",0.118
"CD40",4.57776527193213e-28,0.765424234625855,0.5,0.14,9.05573526093614e-24,"4","CD40",0.36
"CSF2RA",5.18017386329424e-28,0.950329821732904,0.591,0.226,1.02474199363687e-23,"4","CSF2RA",0.365
"EPS15",8.12254776295668e-28,0.588413634069196,0.326,0.06,1.60680239846809e-23,"4","EPS15",0.266
"GSN",3.3014760213038e-27,0.916941770230923,0.78,0.375,6.53097986534317e-23,"4","GSN",0.405
"NAP1L1",3.48466722991744e-27,0.873033040665711,0.856,0.579,6.89336871422267e-23,"4","NAP1L1",0.277
"ZFAS1",2.40253758284476e-26,0.983568022494604,0.848,0.583,4.7526998463835e-22,"4","ZFAS1",0.265
"RPL5",2.86482351565688e-26,0.680600536296958,0.932,0.754,5.66719387867243e-22,"4","RPL5",0.178
"HLA-DPB11",1.34502802364171e-25,0.702769203388048,0.992,0.845,2.66073443636803e-21,"4","HLA-DPB1",0.147
"YWHAQ",2.69099081967096e-25,0.918711324429814,0.674,0.311,5.32331803947309e-21,"4","YWHAQ",0.363
"STK4",3.58827351120815e-25,0.806743827751616,0.545,0.198,7.09832265987196e-21,"4","STK4",0.347
"RELB",1.30256032708073e-24,0.914677140991416,0.621,0.263,2.5767248390311e-20,"4","RELB",0.358
"RPL35A",1.48302402912308e-24,0.64534797202565,0.985,0.943,2.93371813441128e-20,"4","RPL35A",0.042
"GRAMD1A",2.40994902470712e-24,0.615489029450088,0.424,0.114,4.76736116067562e-20,"4","GRAMD1A",0.31
"TMEM176A",1.21858542005735e-23,0.886338739312243,0.538,0.188,2.41060567795746e-19,"4","TMEM176A",0.35
"TSTD1",2.48343230187433e-23,0.608761234949299,0.326,0.07,4.9127257795678e-19,"4","TSTD1",0.256
"N4BP2L1",4.63572083069207e-23,0.520245756071093,0.417,0.112,9.17038294727505e-19,"4","N4BP2L1",0.305
"RFTN1",6.23894736007829e-23,0.52615753612831,0.371,0.093,1.23418856677069e-18,"4","RFTN1",0.278
"EIF3E",8.96246333996219e-23,0.730165448854442,0.826,0.451,1.77295449791132e-18,"4","EIF3E",0.375
"WDR33",1.91128877548037e-22,0.519975052070003,0.394,0.103,3.78091145565526e-18,"4","WDR33",0.291
"DUSP5",2.75925732450478e-22,0.573894483331389,0.485,0.154,5.45836283933536e-18,"4","DUSP5",0.331
"GNB2L1",4.4569225879315e-22,0.60346570700666,0.947,0.835,8.81668426344609e-18,"4","GNB2L1",0.112
"HMGN3",1.05517715853218e-21,0.78471593425169,0.583,0.239,2.08735145500835e-17,"4","HMGN3",0.344
"ID2",1.06996895266938e-21,1.17689691288591,0.742,0.547,2.11661258217058e-17,"4","ID2",0.195
"RPL18",1.11833179133415e-21,0.518076215068141,0.955,0.894,2.21228394961722e-17,"4","RPL18",0.0609999999999999
"MYO1G",1.40888351578323e-21,0.666955834285803,0.553,0.214,2.78705337092239e-17,"4","MYO1G",0.339
"OSTF1",1.85397308007768e-21,0.675300975240964,0.659,0.312,3.66752954700966e-17,"4","OSTF1",0.347
"EEF2",2.14932465805227e-21,0.786246453462218,0.833,0.609,4.25179403855899e-17,"4","EEF2",0.224
"CFL1",3.97355207658896e-21,0.553728961425292,0.939,0.912,7.86048071790829e-17,"4","CFL1",0.0269999999999999
"TRAF1",4.34027450763394e-21,0.629334358665729,0.492,0.163,8.58593103100145e-17,"4","TRAF1",0.329
"TBCB",9.7353905398698e-21,0.562205844483355,0.576,0.225,1.92585495659704e-16,"4","TBCB",0.351
"PFDN4",9.00575514984745e-20,0.536881730268594,0.424,0.128,1.78151848374282e-15,"4","PFDN4",0.296
"NPM1",9.72249558658481e-20,0.55255359740475,0.864,0.683,1.92330407693821e-15,"4","NPM1",0.181
"IL2RA",1.86477706559485e-19,0.631401881750872,0.295,0.07,3.68890199115973e-15,"4","IL2RA",0.225
"IL4I1",2.39246387045469e-19,0.58894878170089,0.515,0.187,4.73277202853347e-15,"4","IL4I1",0.328
"ISCU",1.020500817838e-18,0.687276847343243,0.598,0.258,2.01875471784713e-14,"4","ISCU",0.34
"PPDPF",1.97828398752242e-18,0.763915640512802,0.72,0.419,3.91344138411685e-14,"4","PPDPF",0.301
"CELF2",2.86784932621912e-18,0.632984545305051,0.402,0.128,5.67317953712665e-14,"4","CELF2",0.274
"GABARAPL2",3.35437249856704e-18,0.796911750661935,0.75,0.457,6.63561967666531e-14,"4","GABARAPL2",0.293
"CLPTM1",4.55795516420274e-18,0.54052384685414,0.326,0.088,9.01654690582586e-14,"4","CLPTM1",0.238
"EIF3D",8.91895933675569e-18,0.630658754198209,0.553,0.23,1.76434853599701e-13,"4","EIF3D",0.323
"CIRBP",1.26230530401484e-17,0.634441480436502,0.803,0.573,2.49709235240215e-13,"4","CIRBP",0.23
"EDF1",1.30942139065421e-17,0.604880267360522,0.811,0.591,2.59029739499216e-13,"4","EDF1",0.22
"PMAIP1",4.07089775858158e-17,0.538750091323918,0.545,0.215,8.05304994602608e-13,"4","PMAIP1",0.33
"SLC25A6",4.3471169682671e-17,0.600076310056637,0.864,0.724,8.59946678662599e-13,"4","SLC25A6",0.14
"PDCL3",5.17811612933222e-17,0.795912877584079,0.47,0.19,1.0243349327045e-12,"4","PDCL3",0.28
"MAP3K13",6.89640485965358e-17,0.554327271174942,0.394,0.132,1.36424680933667e-12,"4","MAP3K13",0.262
"HIST1H2BK",8.19252281174883e-17,0.664396974996035,0.432,0.16,1.62064486262015e-12,"4","HIST1H2BK",0.272
"SPAG7",1.63922675432931e-16,0.511280681354763,0.447,0.16,3.24271836541424e-12,"4","SPAG7",0.287
"CD86",2.60722501676106e-16,0.831305032309561,0.697,0.457,5.15761252815674e-12,"4","CD86",0.24
"GDI2",2.6423054093749e-16,0.732424255034712,0.712,0.407,5.22700856082542e-12,"4","GDI2",0.305
"ARPP19",7.20049517515868e-16,0.555404287070218,0.477,0.183,1.42440195554989e-11,"4","ARPP19",0.294
"HNRNPA1",8.85654294984367e-16,0.519792860694543,0.902,0.762,1.75200132633807e-11,"4","HNRNPA1",0.14
"RPL41",9.2840540376204e-16,0.505003116678941,0.894,0.758,1.83657156972207e-11,"4","RPL4",0.136
"EIF3F",4.22695155101099e-15,0.559579045569877,0.712,0.421,8.36175555820995e-11,"4","EIF3F",0.291
"MARCKS",4.29767544158184e-15,0.688093862263373,0.72,0.426,8.5016615585372e-11,"4","MARCKS",0.294
"FAM49A",2.30090648318771e-14,0.585830638487626,0.614,0.327,4.55165320504192e-10,"4","FAM49A",0.287
"GLTSCR2",2.33211066081713e-14,0.6836861223605,0.674,0.433,4.61338130922845e-10,"4","GLTSCR2",0.241
"HLA-DQA11",2.94953363349539e-14,0.506180878047593,0.848,0.597,5.83476743378058e-10,"4","HLA-DQA1",0.251
"IAH1",3.32598060787271e-14,0.56387367707457,0.394,0.146,6.5794548384938e-10,"4","IAH1",0.248
"RAN",9.54536312733817e-14,0.560189262847238,0.742,0.511,1.88826373385004e-09,"4","RAN",0.231
"SRI",9.64566591380942e-14,0.680221819343072,0.47,0.195,1.90810563106978e-09,"4","SRI",0.275
"H2AFZ",1.26448185258227e-13,0.720870301920518,0.765,0.609,2.50139800077825e-09,"4","H2AFZ",0.156
"COX7A2L",1.94320806107809e-13,0.585286625548594,0.614,0.316,3.84405418642467e-09,"4","COX7A2L",0.298
"SUMO2",2.58661992795534e-13,0.515590148582765,0.826,0.647,5.11685154148125e-09,"4","SUMO2",0.179
"VDAC2",2.61561409539481e-13,0.54145453999688,0.659,0.375,5.17420780351002e-09,"4","VDAC2",0.284
"EIF3L",3.42514807379133e-13,0.531339218390642,0.697,0.393,6.775627919574e-09,"4","EIF3L",0.304
"MTHFD2",7.29208471543344e-13,0.622127368245744,0.561,0.278,1.44252019840704e-08,"4","MTHFD2",0.283
"UBXN1",9.45973542090597e-13,0.526787909013381,0.629,0.349,1.87132486096362e-08,"4","UBXN1",0.28
"EPSTI1",1.17727873863602e-12,0.891303141508467,0.439,0.195,2.32889280076977e-08,"4","EPSTI1",0.244
"TUBA1C",1.31240470483678e-12,0.82341718004632,0.553,0.289,2.59619898710812e-08,"4","TUBA1C",0.264
"OST4",1.70304469050399e-12,0.511289961845876,0.871,0.73,3.36896300675499e-08,"4","OST4",0.141
"SAMSN1",2.07598405340428e-12,0.761461139934613,0.705,0.518,4.10671165444436e-08,"4","SAMSN1",0.187
"C14orf166",4.01749753755847e-12,0.516069237878784,0.576,0.283,7.94741362879817e-08,"4","C14orf166",0.293
"ZFP36L1",5.23128331359166e-12,0.568426038827983,0.583,0.334,1.0348524650947e-07,"4","ZFP36L1",0.249
"PSME1",5.81473213549029e-12,0.612816946785201,0.78,0.587,1.15027031104269e-07,"4","PSME1",0.193
"CNN2",6.45980443887996e-12,0.502676196703758,0.432,0.184,1.27787851409923e-07,"4","CNN2",0.248
"TUBB6",8.5423291928628e-12,0.600752451914932,0.371,0.153,1.68984356093212e-07,"4","TUBB6",0.218
"RAP1B",1.05514817236964e-11,0.646604656036314,0.712,0.511,2.08729411458162e-07,"4","RAP1B",0.201
"PTPN1",1.89917462228353e-11,0.521460578893996,0.553,0.304,3.75694723780128e-07,"4","PTPN1",0.249
"PLGRKT",3.1383455396674e-11,0.508950314086934,0.402,0.168,6.20827514657005e-07,"4","PLGRKT",0.234
"PDCD5",3.35029663984631e-11,0.540390631899975,0.348,0.14,6.62755681294397e-07,"4","PDCD5",0.208
"CFLAR",1.03115703142247e-09,0.59103181977136,0.697,0.517,2.03983483955993e-05,"4","CFLAR",0.18
"HMGN1",1.3827032600453e-09,0.518441195433642,0.682,0.446,2.7352635890216e-05,"4","HMGN1",0.236
"REL",1.85302398271085e-09,0.528667049636107,0.606,0.417,3.6656520425986e-05,"4","REL",0.189
"DNAJB6",3.34938865304605e-07,0.532989861069973,0.636,0.447,0.00662576063345569,"4","DNAJB6",0.189
"CD3D",8.36664877774449e-149,1.67272509706401,0.717,0.041,1.65509046121341e-144,"5","CD3D",0.676
"CD2",6.2268860105313e-122,1.24030278598731,0.602,0.034,1.2318025906033e-117,"5","CD2",0.568
"CD3E",2.36720245409477e-109,0.915471324006788,0.487,0.021,4.68279989469027e-105,"5","CD3E",0.466
"KLRB1",4.09115195944233e-103,1.43095730692406,0.434,0.017,8.09311680616882e-99,"5","KLRB1",0.417
"PTPRCAP",1.15350135788457e-100,0.98715897552926,0.593,0.042,2.28185638616725e-96,"5","PTPRCAP",0.551
"CD7",4.96380829676406e-89,1.53222536902347,0.549,0.046,9.81940557265867e-85,"5","CD7",0.503
"GZMA",1.4295048985588e-87,1.55617763362287,0.319,0.008,2.82784659032902e-83,"5","GZMA",0.311
"IL321",9.7150468151201e-79,1.4540361479727,0.805,0.131,1.92183056096706e-74,"5","IL32",0.674
"TIGIT",3.12339498340254e-74,0.706213696005819,0.283,0.008,6.1786999561669e-70,"5","TIGIT",0.275
"SPOCK2",1.15524568950236e-71,0.763992723973255,0.425,0.031,2.28530702297356e-67,"5","SPOCK2",0.394
"ITM2A",1.60828181846871e-71,0.797099629452669,0.345,0.017,3.18150309329479e-67,"5","ITM2A",0.328
"FYN",1.74187038055159e-61,0.86229503107462,0.522,0.065,3.44576798680715e-57,"5","FYN",0.457
"CCL5",5.87297941449831e-58,1.44046119346383,0.549,0.078,1.16179278777605e-53,"5","CCL5",0.471
"ETS1",8.12147338117246e-52,0.570447177697385,0.327,0.026,1.60658986426354e-47,"5","ETS1",0.301
"LTB",4.03767948627869e-41,0.795027597166313,0.46,0.073,7.98733755975651e-37,"5","LTB",0.387
"PBXIP1",3.32942446145736e-38,0.559432906761969,0.327,0.04,6.58626746965495e-34,"5","PBXIP1",0.287
"SLC38A1",6.6269442749993e-38,0.64398261585474,0.292,0.03,1.31094211648036e-33,"5","SLC38A1",0.262
"BATF",7.97690922735906e-37,0.805053245617828,0.336,0.045,1.57799218335617e-32,"5","BATF",0.291
"LEPROTL1",3.24730681208178e-31,0.773511870099894,0.566,0.154,6.42382233566017e-27,"5","LEPROTL1",0.412
"IFITM1",1.23423809289624e-29,0.621077130994795,0.398,0.075,2.44156979536734e-25,"5","IFITM1",0.323
"TSC22D3",6.2190489208721e-28,0.913868221989469,0.885,0.443,1.23025225752692e-23,"5","TSC22D3",0.442
"RHOH",4.18134536848562e-27,0.594581749571152,0.451,0.103,8.27153740793825e-23,"5","RHOH",0.348
"PDCD4",4.86503696993969e-26,0.520722338759978,0.46,0.113,9.6240161339347e-22,"5","PDCD4",0.347
"TNFRSF18",1.85053619067085e-24,0.663162302344576,0.363,0.076,3.66073069238507e-20,"5","TNFRSF18",0.287
"ZFP36L2",7.93379602314292e-23,0.765372413983463,0.549,0.182,1.56946352929813e-18,"5","ZFP36L2",0.367
"GNLY",9.25439777068927e-23,2.05414880067259,0.336,0.074,1.83070496699775e-18,"5","GNLY",0.262
"CD69",6.39573898234905e-21,0.90620601118663,0.451,0.133,1.26520508548829e-16,"5","CD69",0.318
"GNG2",1.30619733128362e-20,0.525337661982211,0.469,0.139,2.58391956074525e-16,"5","GNG2",0.33
"CD52",4.92901928292662e-20,0.75154086213494,0.735,0.34,9.75058594548545e-16,"5","CD52",0.395
"TNFRSF4",3.09446069173138e-19,0.652314074864653,0.301,0.067,6.12146214038302e-15,"5","TNFRSF4",0.234
"IDS",2.53282842899916e-17,0.561934186683214,0.593,0.23,5.01044119824614e-13,"5","IDS",0.363
"TMEM66",1.15205206940742e-16,0.662636424555223,0.894,0.556,2.27898940370176e-12,"5","TMEM66",0.338
"IL7R",1.57603225851753e-16,0.511979711196465,0.637,0.253,3.11770701379937e-12,"5","IL7R",0.384
"NKG7",5.62284288244736e-16,1.00956883060815,0.434,0.152,1.11231077900574e-11,"5","NKG7",0.282
"CXCR4",1.2788139232085e-14,0.682282286889725,0.796,0.455,2.52974970289105e-10,"5","CXCR4",0.341
"TNFAIP3",1.12197769662826e-13,0.552293070366863,0.814,0.465,2.21949627947003e-09,"5","TNFAIP3",0.349
"FAM177A1",1.67280138166143e-13,0.540656351334379,0.611,0.295,3.30913569320264e-09,"5","FAM177A1",0.316
"KMT2E",4.1748626643705e-10,0.524758031879825,0.46,0.218,8.25871332265773e-06,"5","KMT2E",0.242
"CD1C",5.24692914009817e-64,0.889592522774499,0.382,0.026,1.03794752249422e-59,"6","CD1C",0.356
"FCER1A",5.73757013649043e-50,1.5037496724415,0.3,0.021,1.13500612440054e-45,"6","FCER1A",0.279
"CLEC10A",3.77290398048183e-47,0.989259676012364,0.573,0.098,7.46355865418915e-43,"6","CLEC10A",0.475
"CST71",2.39678918241503e-46,1.1776452816084,0.736,0.167,4.7413283606534e-42,"6","CST7",0.569
"AMICA1",3.18882415625084e-44,0.616657606611955,0.673,0.137,6.30813194589542e-40,"6","AMICA1",0.536
"PKIB",3.46999319410685e-43,0.579317579050882,0.436,0.059,6.86434053658217e-39,"6","PKIB",0.377
"HLA-DPB12",9.575940421112e-39,1.08665029048657,1,0.846,1.89431253410438e-34,"6","HLA-DPB1",0.154
"HLA-DPA11",3.40593137439344e-38,1.07408918799728,1,0.826,6.73761344482511e-34,"6","HLA-DPA1",0.174
"HLA-DRA",1.64782721919628e-37,0.912551225751719,1,0.972,3.25973180501408e-33,"6","HLA-DRA",0.028
"HLA-DQB11",6.78344994087529e-36,1.02372883211665,1,0.713,1.34190206730395e-31,"6","HLA-DQB1",0.287
"HLA-DRB11",1.13728573979915e-35,0.962839375127498,1,0.885,2.24977865047067e-31,"6","HLA-DRB1",0.115
"CD741",3.98859152829704e-35,0.891801104516682,1,0.94,7.89023176127721e-31,"6","CD74",0.0600000000000001
"HLA-DQA12",2.64446268663291e-34,1.14368207973804,0.991,0.591,5.23127608669723e-30,"6","HLA-DQA1",0.4
"CSF2RA1",5.73507496680485e-32,0.630991464791622,0.736,0.222,1.13451252993334e-27,"6","CSF2RA",0.514
"AGPAT9",1.86628094162722e-30,0.611736697962901,0.418,0.079,3.69187695872696e-26,"6","AGPAT9",0.339
"GPR1831",1.75274139547149e-29,0.974906304313224,0.964,0.563,3.4672730285217e-25,"6","GPR183",0.401
"PPA11",2.17006238875704e-29,0.759389677252924,0.873,0.332,4.29281741743917e-25,"6","PPA1",0.541
"SNHG15",2.18702075731803e-29,0.505183941252383,0.582,0.148,4.32636446212653e-25,"6","SNHG15",0.434
"LMNA1",4.76109953104929e-29,1.10576055513037,0.873,0.442,9.4184070923217e-25,"6","LMNA",0.431
"HLA-DRB5",6.55796859267118e-29,0.992959057362377,0.936,0.713,1.29729734700221e-24,"6","HLA-DRB5",0.223
"RUNX3",1.74802634956936e-28,0.554974689309583,0.627,0.174,3.45794572471811e-24,"6","RUNX3",0.453
"ARL4C1",3.24219852477675e-28,0.680546889013395,0.809,0.287,6.41371712171336e-24,"6","ARL4C",0.522
"SLC25A19",1.26304096772617e-27,0.546828751658137,0.482,0.112,2.4985476423559e-23,"6","SLC25A19",0.37
"HLA-DQA2",7.98273650139362e-27,0.926705372264475,0.855,0.381,1.57914493470569e-22,"6","HLA-DQA2",0.474
"HLA-DMA",2.24540312556342e-26,0.61712335044801,0.991,0.562,4.44185646298956e-22,"6","HLA-DMA",0.429
"STK41",3.49589029331457e-26,0.593211994665305,0.645,0.197,6.91557017823487e-22,"6","STK4",0.448
"AKAP13",1.18557383225744e-25,0.632903840871574,0.8,0.311,2.34530215497167e-21,"6","AKAP13",0.489
"CEBPD",1.93377774676139e-25,0.646693034101646,0.664,0.213,3.82539913864338e-21,"6","CEBPD",0.451
"CXCR41",4.16594273207561e-25,0.78677963516861,0.936,0.446,8.24106791259196e-21,"6","CXCR4",0.49
"CPVL",4.82847488812295e-25,0.793102546769098,0.836,0.343,9.55168902368482e-21,"6","CPVL",0.493
"ZFP361",8.66634766523859e-24,0.695650416841346,0.955,0.547,1.7143768951375e-19,"6","ZFP36",0.408
"LRRFIP1",1.59076923638039e-23,0.63541132010528,0.882,0.384,3.14685970340769e-19,"6","LRRFIP1",0.498
"INSIG1",3.49110747152973e-23,0.792171082033423,0.882,0.441,6.90610880018011e-19,"6","INSIG1",0.441
"CCR71",9.02519966481061e-23,0.576102394571476,0.473,0.119,1.78536499769284e-18,"6","CCR7",0.354
"RASSF5",2.23139378579174e-21,0.506484738752056,0.655,0.229,4.41414318705323e-17,"6","RASSF5",0.426
"SRSF2",9.15149447474064e-21,0.533532059817865,0.918,0.454,1.81034863699319e-16,"6","SRSF2",0.464
"EZR",9.36987754658894e-21,0.533937645144846,0.9,0.411,1.85354917626622e-16,"6","EZR",0.489
"CST31",2.05883005960674e-20,0.757912397953775,1,0.808,4.07277762391406e-16,"6","CST3",0.192
"RALA",2.74849646863055e-20,0.634878675661503,0.8,0.378,5.43707571424496e-16,"6","RALA",0.422
"NEAT11",7.36781620692258e-19,0.6000691266861,0.991,0.714,1.45750140205343e-14,"6","NEAT1",0.277
"REL1",1.93722772636423e-18,0.671623714490656,0.827,0.405,3.83222388829371e-14,"6","REL",0.422
"CD861",2.12766811334319e-18,0.561236825306691,0.891,0.448,4.2089530618155e-14,"6","CD86",0.443
"JUNB1",2.82238598394343e-18,0.585947638424492,0.918,0.462,5.5832439534369e-14,"6","JUNB",0.456
"PABPC1",3.20053856610481e-18,0.577869813181134,1,0.813,6.33130539146854e-14,"6","PABPC1",0.187
"FCGR2B1",8.46608110631499e-17,0.537194567865299,0.5,0.167,1.67476016445123e-12,"6","FCGR2B",0.333
"SERPINB11",2.31499042593763e-16,0.631669494418912,0.927,0.591,4.57951406058982e-12,"6","SERPINB1",0.336
"DUSP41",7.05850955098158e-16,0.503092777373803,0.782,0.371,1.39631435937518e-11,"6","DUSP4",0.411
"RGS11",2.89778573553728e-15,0.522151099969936,0.891,0.455,5.73239974203985e-11,"6","RGS1",0.436
"NR4A3",6.29637918024965e-15,0.507037643876239,0.691,0.309,1.24554972943699e-10,"6","NR4A3",0.382
"GADD45B1",9.36904080908639e-14,0.592790003931886,0.745,0.384,1.85338365285347e-09,"6","GADD45B",0.361
"ATP1B31",7.92257150875694e-13,0.502578021090672,0.964,0.668,1.5672430958623e-08,"6","ATP1B3",0.296
"LDHA",8.09490072990543e-13,0.537835183287447,0.982,0.666,1.60133326238989e-08,"6","LDHA",0.316
"ID21",1.46608180344572e-12,0.735459927915884,0.864,0.542,2.90020302357632e-08,"6","ID2",0.322
"LILRA4",3.14331453973846e-261,1.59411221802247,0.755,0.003,6.21810482251062e-257,"7","LILRA4",0.752
"SCT",1.04209581909111e-233,1.48542087906938,0.653,0.002,2.06147394932603e-229,"7","SCT",0.651
"SMPD3",2.64683057784615e-180,1.15322896224045,0.469,0.001,5.23596024909525e-176,"7","SMPD3",0.468
"EGLN3",1.83472224358995e-177,1.29812189655601,0.571,0.004,3.62944754226963e-173,"7","EGLN3",0.567
"KRT5",2.82066944173197e-164,2.07817764108292,0.429,0.001,5.57984828963418e-160,"7","KRT5",0.428
"PTPRS",2.9341014246966e-164,1.04231167858542,0.429,0.001,5.80423943833482e-160,"7","PTPRS",0.428
"CLIC3",6.02051997920659e-141,1.57891683288123,0.612,0.012,1.19097926228665e-136,"7","CLIC3",0.6
"TSPAN131",1.19338215062606e-121,1.80940435067089,0.816,0.037,2.36074857036847e-117,"7","TSPAN13",0.779
"MAP1A",4.55874038641859e-120,0.837345721787744,0.367,0.002,9.01810023241326e-116,"7","MAP1A",0.365
"MYBL2",7.8594265623175e-118,1.36724823132439,0.388,0.003,1.55475176255765e-113,"7","MYBL2",0.385
"LRRC26",1.81886356658356e-116,0.721362782909634,0.327,0.001,3.59807590741561e-112,"7","LRRC26",0.326
"CPLX1",2.36788103929093e-112,0.625265899500434,0.347,0.002,4.68414227192533e-108,"7","CPLX1",0.345
"IRF4",4.3121274630921e-112,1.73016673114289,0.857,0.049,8.5302505474888e-108,"7","IRF4",0.808
"GZMB",5.04539753923948e-109,4.13093095517867,0.939,0.068,9.98080541212353e-105,"7","GZMB",0.871
"CXCR3",9.47593624098549e-107,1.26746527259297,0.571,0.017,1.87452970719175e-102,"7","CXCR3",0.554
"SPIB",3.4316660217763e-103,1.16327555720215,0.633,0.024,6.78852172427787e-99,"7","SPIB",0.609
"C12orf75",4.27221074041573e-95,2.0812079336665,0.776,0.049,8.4512872866904e-91,"7","C12orf75",0.727
"SEL1L3",3.8554614282667e-94,1.38857748656045,0.694,0.037,7.62687379739718e-90,"7","SEL1L3",0.657
"CRYM",4.3897897572461e-94,0.743477049006549,0.286,0.002,8.68388209778423e-90,"7","CRYM",0.284
"P2RY6",7.06092104596271e-88,0.953049952004442,0.571,0.023,1.39679140131234e-83,"7","P2RY6",0.548
"PTCRA",7.23188501656353e-84,0.901305041362783,0.347,0.006,1.4306114939766e-79,"7","PTCRA",0.341
"SOX4",1.13269706628376e-82,2.13006768970602,0.796,0.063,2.24070133652253e-78,"7","SOX4",0.733
"CHAF1A",1.4664743086579e-82,0.723288081899092,0.51,0.019,2.90097947738707e-78,"7","CHAF1A",0.491
"KIAA0226",6.75458336592795e-81,1.36771116143154,0.735,0.051,1.33619168144787e-76,"7","KIAA0226",0.684
"ITM2C",4.65411570850816e-80,1.67555477320482,0.837,0.07,9.20677169457085e-76,"7","ITM2C",0.767
"EIF2AK4",2.33552382725993e-77,0.972815880263945,0.694,0.047,4.6201332350856e-73,"7","EIF2AK4",0.647
"STAP1",1.10247149506774e-76,0.676942735315852,0.327,0.006,2.180909111543e-72,"7","STAP1",0.321
"PPP1R14B",2.85812329805099e-75,1.52345208535779,0.694,0.05,5.65393950820446e-71,"7","PPP1R14B",0.644
"SEMA7A",3.65876455264851e-75,0.840156506863384,0.51,0.023,7.23776803804929e-71,"7","SEMA7A",0.487
"SLC15A4",7.89758785599373e-74,1.07767046129141,0.653,0.043,1.56230082967268e-69,"7","SLC15A4",0.61
"TRAF4",1.04655330483108e-70,1.22324581139509,0.653,0.046,2.07029174761685e-66,"7","TRAF4",0.607
"LDLRAD4",2.34589282694537e-70,2.00992373557812,0.918,0.114,4.64064519026333e-66,"7","LDLRAD4",0.804
"SIDT1",2.03207578449057e-68,0.797597339750265,0.327,0.008,4.01985231687924e-64,"7","SIDT1",0.319
"PLD4",1.69826121606063e-67,1.46970987242106,0.714,0.06,3.35950033761113e-63,"7","PLD4",0.654
"C12orf45",4.67113367304537e-67,1.30927331534087,0.735,0.064,9.24043663201836e-63,"7","C12orf45",0.671
"NEK8",1.08075871867782e-65,0.522836587641344,0.286,0.006,2.13795689728845e-61,"7","NEK8",0.28
"FUZ",1.83238493569846e-65,0.713928631539384,0.429,0.018,3.62482387979869e-61,"7","FUZ",0.411
"MZB1",5.86397122436363e-65,1.26186912022067,0.633,0.047,1.16001078760361e-60,"7","MZB1",0.586
"SERPINF1",3.02015787565067e-58,1.04877013667623,0.714,0.066,5.97447630961216e-54,"7","SERPINF1",0.648
"INPP4A",4.10172878222617e-54,0.764074849224862,0.49,0.032,8.1140398769998e-50,"7","INPP4A",0.458
"NR3C1",1.83846644591959e-51,1.88560181018068,0.898,0.157,3.63685432331814e-47,"7","NR3C1",0.741
"POLB",1.13776448668164e-50,0.768311534545961,0.327,0.013,2.25072570755361e-46,"7","POLB",0.314
"SPON2",4.60703069276045e-49,0.70938273417413,0.347,0.016,9.11362811641872e-45,"7","SPON2",0.331
"APP",1.33765623007057e-48,1.37643012383392,0.878,0.151,2.6461515543256e-44,"7","APP",0.727
"SEPHS1",3.90981024129046e-47,0.698421616449508,0.327,0.015,7.73438661932079e-43,"7","SEPHS1",0.312
"ANKRD11",6.1545975174731e-47,1.08425616835839,0.816,0.121,1.21750248090653e-42,"7","ANKRD11",0.695
"N4BP2L11",5.20582908702553e-46,1.26211755932023,0.776,0.116,1.02981710999539e-41,"7","N4BP2L1",0.66
"SELL",1.94782316010098e-44,0.958519427070433,0.653,0.076,3.85318377531176e-40,"7","SELL",0.577
"TSEN54",7.66414831966016e-44,0.594689943723627,0.367,0.022,1.51612182059517e-39,"7","TSEN54",0.345
"DERL3",1.38469437850676e-43,0.692817899454908,0.388,0.024,2.73920241956208e-39,"7","DERL3",0.364
"TCF4",9.31778337649732e-42,1.07619176492209,0.592,0.068,1.8432439075387e-37,"7","TCF4",0.524
"ABCE1",6.90491487990099e-41,0.547214218898217,0.367,0.023,1.36593026154201e-36,"7","ABCE1",0.344
"ARHGAP5",9.16112154811991e-41,0.59968150779181,0.388,0.027,1.81225306464908e-36,"7","ARHGAP5",0.361
"PLAC81",1.17445336050809e-40,1.24966800445128,0.918,0.167,2.32330363775711e-36,"7","PLAC8",0.751
"FXYD2",1.89826121980207e-39,0.762212390633929,0.265,0.012,3.75514034501245e-35,"7","FXYD2",0.253
"CYFIP2",8.47080980278335e-39,0.503320527260383,0.327,0.019,1.6756955951866e-34,"7","CYFIP2",0.308
"TPM2",1.0509485649758e-38,0.588039921928451,0.347,0.022,2.07898645123513e-34,"7","TPM2",0.325
"RAB11FIP1",3.191295787132e-38,1.09564170920895,0.673,0.102,6.31302132610452e-34,"7","RAB11FIP1",0.571
"PPP1R14A",4.62999105007226e-38,0.866263367043895,0.469,0.043,9.15904829525294e-34,"7","PPP1R14A",0.426
"RRBP1",5.00349574677363e-38,0.953597627861731,0.694,0.105,9.89791528626759e-34,"7","RRBP1",0.589
"HVCN1",6.00756457490633e-38,0.652091688385352,0.408,0.033,1.18841642420797e-33,"7","HVCN1",0.375
"RP11-598F7.3",1.82159538370056e-37,0.799354102089304,0.306,0.018,3.60347998803644e-33,"7","RP11-598F7.3",0.288
"CD2AP",2.73592508329767e-37,0.557636862842878,0.408,0.033,5.41220699977944e-33,"7","CD2AP",0.375
"GAS6",4.59714108041121e-37,0.785907997770022,0.592,0.075,9.09406448526945e-33,"7","GAS6",0.517
"CBX6",2.3318552700456e-36,0.76672064457522,0.571,0.07,4.6128760952042e-32,"7","CBX6",0.501
"ID1",9.60111337989023e-36,1.21059226284639,0.388,0.032,1.89929224880988e-31,"7","ID1",0.356
"FCHSD2",1.89890553872008e-35,0.608332901282657,0.449,0.044,3.75641493669606e-31,"7","FCHSD2",0.405
"SEPT6",8.83604895337162e-35,0.984400212942224,0.694,0.117,1.74794720395597e-30,"7","SEPT6",0.577
"STMN1",1.09995033335483e-34,0.852605858223311,0.694,0.108,2.17592174944253e-30,"7","STMN1",0.586
"SRSF7",2.95103505671866e-34,1.21226636518572,0.959,0.236,5.83773754920085e-30,"7","SRSF7",0.723
"LTB1",2.95706574895742e-33,1.342130349728,0.592,0.083,5.84966746458756e-29,"7","LTB",0.509
"EZR1",3.90590821653629e-33,1.83819713459127,1,0.425,7.72666763395209e-29,"7","EZR",0.575
"IRF2BP2",4.64013516675945e-33,1.18760673508063,0.898,0.224,9.17911538688354e-29,"7","IRF2BP2",0.674
"GNG7",3.14775675875481e-32,0.544343943292952,0.429,0.043,6.22689242016877e-28,"7","GNG7",0.386
"OPN3",1.48629042019222e-31,1.09681628608412,0.571,0.084,2.94017970922425e-27,"7","OPN3",0.487
"DDX24",4.12591014638161e-31,1.09068177021349,0.796,0.181,8.1618754515721e-27,"7","DDX24",0.615
"TSPYL2",7.60525246190671e-31,0.72690775850752,0.408,0.042,1.50447104201438e-26,"7","TSPYL2",0.366
"CYB561A3",7.96194012871473e-31,0.943500864534168,0.571,0.086,1.57503099626235e-26,"7","CYB561A3",0.485
"LPIN1",1.4071398185081e-30,0.610118147386995,0.388,0.037,2.78360398897271e-26,"7","LPIN1",0.351
"C9orf142",6.70105067407178e-30,1.05042722038953,0.694,0.136,1.32560184434488e-25,"7","C9orf142",0.558
"ST6GALNAC4",7.45383637083194e-30,0.565248407907321,0.327,0.027,1.47451791087797e-25,"7","ST6GALNAC4",0.3
"PLP2",8.99229234930311e-30,1.40828557435775,0.939,0.34,1.77885527253914e-25,"7","PLP2",0.599
"RBM4",1.21819739824776e-29,0.62770700960578,0.408,0.044,2.40983809321372e-25,"7","RBM4",0.364
"ICOSLG",1.66362731354327e-29,0.577516668783707,0.469,0.058,3.2909875516513e-25,"7","ICOSLG",0.411
"THEMIS2",1.69112860980701e-29,1.06749049336688,0.816,0.202,3.34539061592022e-25,"7","THEMIS2",0.614
"NOP58",1.77919215127588e-29,0.721839894335234,0.571,0.086,3.51959791365395e-25,"7","NOP58",0.485
"TCOF1",2.18018210500837e-29,0.735605264939994,0.429,0.05,4.31283624012755e-25,"7","TCOF1",0.379
"ARID3A",4.85626007799614e-29,0.819761086080805,0.49,0.066,9.60665368629197e-25,"7","ARID3A",0.424
"TP53I11",1.87550419463037e-28,0.514475684593356,0.286,0.022,3.7101223978178e-24,"7","TP53I11",0.264
"IL3RA1",3.90342780999411e-28,1.13549384956386,0.837,0.215,7.72176089373036e-24,"7","IL3RA",0.622
"FAM105A",4.48101746626604e-28,0.522375317269155,0.449,0.054,8.86434875176749e-24,"7","FAM105A",0.395
"SULF2",1.16909788677449e-27,0.604247840205802,0.531,0.079,2.3127094396173e-23,"7","SULF2",0.452
"NOP56",3.01571370847094e-27,0.699142118905208,0.592,0.099,5.96568485809721e-23,"7","NOP56",0.493
"USP11",4.56149496090299e-27,0.608045384006505,0.449,0.059,9.0235493316583e-23,"7","USP11",0.39
"NRROS",6.73796172495677e-27,0.518165512888148,0.327,0.03,1.33290358843095e-22,"7","NRROS",0.297
"ALG2",3.07091759621926e-26,0.713448803217852,0.571,0.1,6.07488918884094e-22,"7","ALG2",0.471
"PLA2G161",3.41718100742749e-26,0.834756371272399,0.51,0.076,6.75986746889306e-22,"7","PLA2G16",0.434
"GRAMD4",9.34790855421148e-26,0.517791785994823,0.367,0.04,1.84920327019412e-21,"7","GRAMD4",0.327
"IRF7",1.17602842902011e-25,1.80698362626311,0.816,0.255,2.32641943828758e-21,"7","IRF7",0.561
"FYTTD11",1.27142014525347e-25,0.760753639147516,0.633,0.125,2.51512333134042e-21,"7","FYTTD1",0.508
"SPN",1.7286726435622e-25,0.624896594590812,0.429,0.057,3.41966022349474e-21,"7","SPN",0.372
"SLC1A4",1.81487859360212e-25,0.58400064834459,0.469,0.066,3.59019283386372e-21,"7","SLC1A4",0.403
"MIR142",2.14498376202633e-25,0.688546411632884,0.51,0.08,4.24320687804049e-21,"7","MIR142",0.43
"MALAT1",5.24814224321352e-25,1.44423688009439,1,0.863,1.0381874985525e-20,"7","MALAT1",0.137
"DDAH2",1.36253676765744e-24,0.956404848482741,0.755,0.19,2.69537023377994e-20,"7","DDAH2",0.565
"RNF126",1.8752409397817e-24,0.670067729492283,0.408,0.055,3.70960162707616e-20,"7","RNF126",0.353
"CXCR42",2.79261028237102e-24,1.40413137099112,1,0.461,5.52434166058635e-20,"7","CXCR4",0.539
"PARK7",4.15020709708231e-24,0.982134918505233,1,0.476,8.20993967944822e-20,"7","PARK7",0.524
"BCL2L13",5.79560863269585e-24,0.64619597449096,0.49,0.079,1.14648729971989e-19,"7","BCL2L13",0.411
"PTPRCAP1",6.06631935263252e-24,0.794178949504463,0.449,0.066,1.20003929433777e-19,"7","PTPRCAP",0.383
"SEC61B1",7.56748907986303e-24,1.33622866845153,1,0.724,1.4970006897785e-19,"7","SEC61B",0.276
"IDI1",1.69491185450984e-23,0.727038325650151,0.612,0.123,3.35287463059136e-19,"7","IDI1",0.489
"ODC1",2.24286013267343e-23,0.847289271438854,0.571,0.109,4.43682591445457e-19,"7","ODC1",0.462
"GPR1832",2.36117754500367e-23,1.46488105676342,0.98,0.576,4.67088141952625e-19,"7","GPR183",0.404
"PMEPA1",3.11741385615043e-23,0.711273734606197,0.633,0.13,6.16686809023679e-19,"7","PMEPA1",0.503
"BCL11A",6.22577453512281e-23,0.538885125898218,0.286,0.028,1.23158271853799e-18,"7","BCL11A",0.258
"MAN1A1",6.83283283902049e-23,0.641861095609479,0.408,0.056,1.35167099221503e-18,"7","MAN1A1",0.352
"ETV3",9.93056899117363e-23,0.985065222720728,0.714,0.179,1.96446515783397e-18,"7","ETV3",0.535
"DDIT4",1.07305266365863e-22,0.845040700336597,0.633,0.137,2.12271277924949e-18,"7","DDIT4",0.496
"IGJ",1.70242806584449e-22,1.32336223534245,0.857,0.304,3.36774319985357e-18,"7","IGJ",0.553
"ALOX5AP",3.11137427934318e-22,1.38270092907244,0.918,0.37,6.15492059939667e-18,"7","ALOX5AP",0.548
"ACTN4",3.54324199806928e-22,0.769612336953584,0.653,0.153,7.00924132058064e-18,"7","ACTN4",0.5
"TRABD",1.65710367024215e-21,0.69446068661821,0.714,0.185,3.27808248047301e-17,"7","TRABD",0.529
"CSF2RB",1.69095135324469e-21,0.719718686062513,0.551,0.109,3.34503996698865e-17,"7","CSF2RB",0.442
"PRMT10",2.58190256326207e-21,0.65849238398998,0.429,0.067,5.10751965064503e-17,"7","PRMT10",0.362
"MORF4L2",7.43222565475144e-21,0.770230769579035,0.714,0.195,1.47024287902293e-16,"7","MORF4L2",0.519
"HNRNPUL1",7.57919039374708e-21,0.78010649712972,0.694,0.181,1.49931544369105e-16,"7","HNRNPUL1",0.513
"FAM118A",7.87176748438876e-21,0.584694794959024,0.367,0.05,1.55719304376178e-16,"7","FAM118A",0.317
"AKAP131",8.04804167089044e-21,1.02136688205517,0.857,0.326,1.59206360333555e-16,"7","AKAP13",0.531
"GNL3",9.7760677948596e-21,0.563936522263055,0.49,0.088,1.93390173117913e-16,"7","GNL3",0.402
"CCDC69",1.00196480016756e-20,0.559517341082158,0.469,0.08,1.98208676769147e-16,"7","CCDC69",0.389
"SLC7A5",1.04506595661009e-20,1.04949465311254,0.857,0.31,2.06734947536609e-16,"7","SLC7A5",0.547
"TSPAN3",1.37235953165667e-20,0.536891445612606,0.388,0.056,2.71480162552322e-16,"7","TSPAN3",0.332
"SIVA1",3.32025314801915e-20,0.877782742571667,0.755,0.214,6.56812477741149e-16,"7","SIVA1",0.541
"SELPLG",5.1904675553937e-20,0.6580143355925,0.429,0.073,1.02677829180798e-15,"7","SELPLG",0.356
"CORO1C",5.43329069707701e-20,0.856845687363909,0.776,0.23,1.07481356569577e-15,"7","CORO1C",0.546
"HERPUD1",7.57946115714643e-20,1.35870936613016,0.857,0.34,1.49936900610671e-15,"7","HERPUD1",0.517
"GNA15",2.64981154694091e-19,0.848885199166272,0.898,0.313,5.2418572021585e-15,"7","GNA15",0.585
"RP1-3J17.3",2.70862077506992e-19,0.581278239218544,0.388,0.061,5.35819361724331e-15,"7","RP1-3J17.3",0.327
"PIM2",3.05093352379419e-19,0.610020290620539,0.469,0.088,6.03535669676966e-15,"7","PIM2",0.381
"SNHG7",3.65225085829681e-19,0.708484771650753,0.449,0.083,7.22488264788274e-15,"7","SNHG7",0.366
"DSTN",4.74932723893898e-19,0.995966216863181,0.735,0.215,9.3951191440691e-15,"7","DSTN",0.52
"SYNGR21",1.94354658739743e-18,0.837441276173547,0.857,0.31,3.8447238591896e-14,"7","SYNGR2",0.547
"RPLP0",3.03611430584764e-18,0.746350858833896,1,0.81,6.00604131982781e-14,"7","RPLP0",0.19
"TERF1",8.31764232746792e-18,0.545054533069586,0.306,0.042,1.6453960052197e-13,"7","TERF1",0.264
"HNRNPA0",8.53261055510782e-18,0.758386979456535,0.918,0.383,1.68792102001143e-13,"7","HNRNPA0",0.535
"BID",9.08764145690528e-18,1.09653572003683,0.898,0.441,1.797717233005e-13,"7","BID",0.457
"LILRB4",9.22332118348641e-18,0.734290932516062,0.878,0.317,1.82455739651728e-13,"7","LILRB4",0.561
"RGS21",9.36465046763673e-18,1.07103291507511,0.939,0.424,1.8525151555079e-13,"7","RGS2",0.515
"CCDC12",1.0780835105922e-17,0.664330059076707,0.51,0.112,2.13266480065348e-13,"7","CCDC12",0.398
"PPM1K",1.3272449562578e-17,0.675363944451499,0.408,0.074,2.62555597246918e-13,"7","PPM1K",0.334
"MESDC2",1.35767306622881e-17,0.536868574595883,0.51,0.111,2.68574885961384e-13,"7","MESDC2",0.399
"HIST1H1C",1.36428774837027e-17,0.831216871743761,0.449,0.087,2.69883402382607e-13,"7","HIST1H1C",0.362
"TTC3",2.41143760968462e-17,0.521523503416943,0.429,0.08,4.77030587947812e-13,"7","TTC3",0.349
"SPCS1",2.56738388070752e-17,0.920969684035471,0.918,0.401,5.07879879281561e-13,"7","SPCS1",0.517
"SLC20A1",3.9427709938593e-17,0.667591793646852,0.429,0.082,7.79958958005246e-13,"7","SLC20A1",0.347
"AMICA11",3.97497896624869e-17,0.541127839776368,0.633,0.156,7.86330339103317e-13,"7","AMICA1",0.477
"ARL4C2",5.93643364454716e-17,0.846172729347252,0.837,0.304,1.17434530356432e-12,"7","ARL4C",0.533
"IRF8",6.83795179824942e-17,1.22935816555283,0.592,0.168,1.3526836247297e-12,"7","IRF8",0.424
"DDB1",1.11165200097868e-16,0.551162052889395,0.408,0.076,2.19906998833602e-12,"7","DDB1",0.332
"KPNA2",1.18952921355627e-16,0.609659449838678,0.551,0.136,2.35312669025701e-12,"7","KPNA2",0.415
"PNISR",1.210364503326e-16,0.638886545007665,0.633,0.175,2.3943430604795e-12,"7","PNISR",0.458
"G3BP2",1.33161580653915e-16,0.713690111203699,0.592,0.156,2.63420238849575e-12,"7","G3BP2",0.436
"RPL3",2.15474532293199e-16,0.704431650686375,1,0.917,4.26251719782405e-12,"7","RPL3",0.083
"PAG1",3.19800609071666e-16,0.500663829747181,0.388,0.069,6.32629564865571e-12,"7","PAG1",0.319
"PEBP1",3.43044363393184e-16,0.520134630013355,0.735,0.225,6.78610359664396e-12,"7","PEBP1",0.51
"CD742",3.7433313596257e-16,0.749768142145239,1,0.942,7.40505809561156e-12,"7","CD74",0.0580000000000001
"GALNT2",3.79726582199136e-16,0.523725037899472,0.388,0.073,7.51175124906331e-12,"7","GALNT2",0.315
"NKG71",3.84044263658689e-16,0.807758671298566,0.592,0.157,7.59716362369619e-12,"7","NKG7",0.435
"MX1",6.01646370814887e-16,0.70993415797716,0.429,0.087,1.19017685074601e-11,"7","MX1",0.342
"NR4A31",6.4465099414129e-16,0.862514438078113,0.816,0.319,1.2752485966103e-11,"7","NR4A3",0.497
"SH3TC1",6.61255219234549e-16,0.510700349554101,0.327,0.053,1.30809507468978e-11,"7","SH3TC1",0.274
"HINT11",7.24226339262851e-16,0.747171872503007,1,0.609,1.43266454432977e-11,"7","HINT1",0.391
"RPSA",8.22481663926144e-16,0.725896089849505,1,0.754,1.6270332275787e-11,"7","RPSA",0.246
"IDS1",9.4355006527718e-16,0.714927558594507,0.735,0.239,1.86653073913132e-11,"7","IDS",0.496
"SRSF3",1.66763741369581e-15,0.996668539754085,0.898,0.45,3.29892033177304e-11,"7","SRSF3",0.448
"MKNK2",2.64758512630053e-15,0.586535053936469,0.449,0.097,5.23745289684771e-11,"7","MKNK2",0.352
"NUCB2",3.14882904974221e-15,0.510797055758805,0.429,0.09,6.22901362620004e-11,"7","NUCB2",0.339
"MIR24-2",3.29616312227823e-15,0.791071645842114,0.551,0.15,6.52046988849079e-11,"7","MIR24-2",0.401
"JOSD1",3.31663102270492e-15,0.786863404648685,0.694,0.223,6.56095948911487e-11,"7","JOSD1",0.471
"PHB",3.60752337077789e-15,0.596297290164978,0.531,0.135,7.13640273207281e-11,"7","PHB",0.396
"H2AFX",5.59135528929139e-15,0.537122537457764,0.367,0.069,1.10608190332762e-10,"7","H2AFX",0.298
"SRSF6",7.23270090400527e-15,0.634279449008219,0.551,0.151,1.43077289283032e-10,"7","SRSF6",0.4
"ZC3HAV1",7.96099772493161e-15,0.63987637201677,0.49,0.123,1.57484456994597e-10,"7","ZC3HAV1",0.367
"RPS23",1.98069031321516e-14,0.551615715908982,1,0.952,3.91820157760224e-10,"7","RPS23",0.048
"PNN",1.99452326507873e-14,0.500454525724093,0.408,0.086,3.94556592297873e-10,"7","PNN",0.322
"PRRC2C",2.05937370593801e-14,0.587023324024643,0.735,0.24,4.07385306508657e-10,"7","PRRC2C",0.495
"BCL2L11",2.15990468348596e-14,0.615280442275839,0.449,0.106,4.27272344487192e-10,"7","BCL2L11",0.343
"ILF2",2.3938457898815e-14,0.5461617663181,0.673,0.215,4.73550574154357e-10,"7","ILF2",0.458
"RBM39",2.63493167920975e-14,0.672462416904665,0.878,0.395,5.21242184781273e-10,"7","RBM39",0.483
"POLR2A",3.16453041218002e-14,0.623637747011898,0.531,0.148,6.26007406137452e-10,"7","POLR2A",0.383
"FKBP2",3.25325782893112e-14,0.790523736352588,0.796,0.326,6.43559463719154e-10,"7","FKBP2",0.47
"ELF2",4.36250094803533e-14,0.509633202603057,0.388,0.081,8.62989937540349e-10,"7","ELF2",0.307
"DDX21",5.25041114729846e-14,0.608983969190873,0.755,0.279,1.03863633315858e-09,"7","DDX21",0.476
"YPEL5",5.25071000567094e-14,0.761909454748774,0.898,0.418,1.03869545332182e-09,"7","YPEL5",0.48
"UNC93B1",5.39114496856663e-14,0.519641821413119,0.347,0.066,1.06647629768185e-09,"7","UNC93B1",0.281
"STK42",6.94793977497024e-14,0.778500052971968,0.653,0.212,1.37444144628461e-09,"7","STK4",0.441
"NDUFS5",7.29033740618999e-14,0.814334106180808,0.918,0.496,1.4421745456925e-09,"7","NDUFS5",0.422
"RP11-138A9.1",7.71997590681692e-14,0.674859991741972,0.51,0.138,1.52716563388652e-09,"7","RP11-138A9.1",0.372
"CD47",7.73007321017637e-14,0.658145471560525,0.837,0.334,1.52916308243709e-09,"7","CD47",0.503
"RANBP2",7.76239399139939e-14,0.646282507673998,0.51,0.137,1.53555677937863e-09,"7","RANBP2",0.373
"PTMA",8.2593303893507e-14,0.522870860798722,1,0.955,1.63386073762136e-09,"7","PTMA",0.045
"FMNL1",8.45005368674048e-14,0.658272959308846,0.653,0.214,1.671589620311e-09,"7","FMNL1",0.439
"RPS5",9.69236279973646e-14,0.589862588420501,1,0.87,1.91734320904387e-09,"7","RPS5",0.13
"RGS12",1.08172840934383e-13,0.804324821101813,0.939,0.468,2.13987513936396e-09,"7","RGS1",0.471
"TAX1BP3",2.4199201360713e-13,0.532217354237195,0.469,0.116,4.78708601317624e-09,"7","TAX1BP3",0.353
"RPS8",2.55100837134187e-13,0.564039176085392,1,0.909,5.04640476018848e-09,"7","RPS8",0.091
"CDC42SE2",3.67672881024159e-13,0.546299712070059,0.612,0.19,7.27330493241992e-09,"7","CDC42SE2",0.422
"CREM",4.35773495025695e-13,0.891388114992841,1,0.726,8.6204712785983e-09,"7","CREM",0.274
"PPIB",5.38321235275473e-13,0.708605272590238,0.939,0.517,1.06490706762194e-08,"7","PPIB",0.422
"AMZ2",6.72795188714363e-13,0.560716961736804,0.408,0.096,1.33092344231475e-08,"7","AMZ2",0.312
"KLF3",6.97083668871641e-13,0.548607395322521,0.388,0.089,1.37897091376188e-08,"7","KLF3",0.299
"BHLHE40",7.62742241934235e-13,0.71780450544399,0.816,0.348,1.5088567029943e-08,"7","BHLHE40",0.468
"SBDS",9.99736632367227e-13,0.503188328315857,0.51,0.14,1.97767900614885e-08,"7","SBDS",0.37
"REL2",1.09816290259937e-12,0.96369444596103,0.878,0.418,2.17238585392208e-08,"7","REL",0.46
"TRAM1",1.13594057814211e-12,0.517790401620931,0.735,0.27,2.24711765168072e-08,"7","TRAM1",0.465
"RPL10A",1.22544913142004e-12,0.547502396951464,1,0.877,2.42418347177513e-08,"7","RPL10A",0.123
"TGFB1",1.36719820532445e-12,0.651136480282472,0.735,0.276,2.70459148977284e-08,"7","TGFB1",0.459
"SRSF21",1.61001306253508e-12,0.695315378179541,0.918,0.47,3.1849278403069e-08,"7","SRSF2",0.448
"SPINT2",1.73696579999873e-12,0.506915577047235,0.755,0.283,3.43606574555749e-08,"7","SPINT2",0.472
"SIK1",2.38428182634506e-12,0.554018767564427,0.429,0.104,4.7165863088758e-08,"7","SIK1",0.325
"MARCKSL11",2.92620643873617e-12,0.887236574843598,0.98,0.498,5.78862157710789e-08,"7","MARCKSL1",0.482
"EIF4A3",3.11406731979047e-12,0.71080235261611,0.694,0.288,6.16024797200951e-08,"7","EIF4A3",0.406
"NR4A11",4.07128266759292e-12,0.538831340469094,0.571,0.177,8.05381137303232e-08,"7","NR4A1",0.394
"OSTC",4.13372466571162e-12,0.508617960946071,0.816,0.334,8.17733413371073e-08,"7","OSTC",0.482
"VIMP",5.57420128555836e-12,0.85437737565717,0.714,0.301,1.10268849830915e-07,"7","VIMP",0.413
"C12orf44",6.21248166378607e-12,0.527962553455101,0.49,0.141,1.22895312273016e-07,"7","C12orf44",0.349
"RSL24D1",6.54881567480574e-12,0.540509908569534,0.714,0.274,1.29548671679007e-07,"7","RSL24D1",0.44
"IL2RG",1.18052539689776e-11,0.552721696425513,0.776,0.296,2.33531534014314e-07,"7","IL2RG",0.48
"PRKCB",1.19971800953714e-11,0.522577462946588,0.449,0.125,2.37328216646638e-07,"7","PRKCB",0.324
"SSR4",1.35965438293062e-11,0.593851576146342,0.959,0.648,2.68966830031335e-07,"7","SSR4",0.311
"IL10RA",1.49932699359144e-11,0.529024357391527,0.592,0.199,2.96596865872259e-07,"7","IL10RA",0.393
"RBM3",2.15995738273128e-11,0.596840348415006,0.98,0.583,4.27282769451901e-07,"7","RBM3",0.397
"VCP",4.79824665417292e-11,0.505917723076751,0.612,0.218,9.49189153128487e-07,"7","VCP",0.394
"SRP14",6.24797176054115e-11,0.536207535653443,1,0.771,1.23597377367025e-06,"7","SRP14",0.229
"DNAJB9",6.34552187936292e-11,0.651978629581823,0.531,0.178,1.25527113817557e-06,"7","DNAJB9",0.353
"RBM17",6.59533826016651e-11,0.540647370211005,0.612,0.222,1.30468981462614e-06,"7","RBM17",0.39
"HMGB1",7.86120327578499e-11,0.635395552083404,0.939,0.568,1.55510323201579e-06,"7","HMGB1",0.371
"ATF5",1.2325820331207e-10,0.685966164039889,0.551,0.181,2.43829377791937e-06,"7","ATF5",0.37
"PABPC11",1.8016592164641e-10,0.589947534253963,1,0.819,3.56404226200927e-06,"7","PABPC1",0.181
"CDK2AP2",4.76057069219308e-10,0.527904257433768,0.449,0.141,9.41736094329635e-06,"7","CDK2AP2",0.308
"SNHG151",6.64477912904695e-10,0.599947375870995,0.49,0.166,1.31447020730807e-05,"7","SNHG15",0.324
"CD97",7.45135587814509e-10,0.611537865771255,0.612,0.234,1.47402721981466e-05,"7","CD97",0.378
"YWHAZ",8.09135191760094e-10,0.516858030284471,0.98,0.632,1.60063123633982e-05,"7","YWHAZ",0.348
"BTG2",1.09401253000473e-09,0.62186872851653,0.429,0.129,2.16417558685536e-05,"7","BTG2",0.3
"MTDH",1.34701788400498e-09,0.557372977902521,0.673,0.28,2.66467077813866e-05,"7","MTDH",0.393
"HSP90B1",1.39853026065128e-09,0.927423863940936,0.816,0.529,2.76657256162037e-05,"7","HSP90B1",0.287
"AGPAT2",2.67629039120172e-09,0.586978593805527,0.408,0.128,5.29423765187525e-05,"7","AGPAT2",0.28
"DDX5",4.06105515973312e-09,0.501398887294152,1,0.733,8.03357931698406e-05,"7","DDX5",0.267
"HLA-DQA21",5.40424070620289e-09,0.730383044399494,0.796,0.399,0.000106906689650106,"7","HLA-DQA2",0.397
"FAM177A11",5.92882148754466e-09,0.72460648224905,0.653,0.305,0.000117283946666608,"7","FAM177A1",0.348
"THBD1",8.84610392656424e-09,0.570918136835394,0.551,0.212,0.000174993627875294,"7","THBD",0.339
"AP3S1",1.20988381118154e-08,0.51363766001544,0.592,0.252,0.000239339215527932,"7","AP3S1",0.34
"RNF149",2.13454719457605e-08,0.55126308109958,0.735,0.369,0.000422256126031035,"7","RNF149",0.366
"MAP2K3",2.40234032356638e-08,0.556897241071903,0.816,0.391,0.000475230962807902,"7","MAP2K3",0.425
"ZFP362",2.4948953126951e-08,0.534725812061984,0.959,0.561,0.000493540190757345,"7","ZFP36",0.398
"DUSP51",3.19067603469523e-08,0.737476485179895,0.449,0.17,0.00063117953318341,"7","DUSP5",0.279
"LRRFIP11",7.08646956569456e-08,0.782851039618163,0.714,0.405,0.0014018454094857,"7","LRRFIP1",0.309
"DBI",8.66217143689344e-08,0.600138827162295,0.98,0.679,0.00171355075364626,"7","DBI",0.301
"AXL",8.68799139097604e-08,0.6272662270798,0.347,0.108,0.00171865845696288,"7","AXL",0.239
"SERPINB91",2.00428753052509e-07,0.775290982225624,0.837,0.561,0.00396488159288472,"7","SERPINB9",0.276
"JUNB2",2.05805416644371e-07,0.67740851823596,0.878,0.478,0.00407124275205895,"7","JUNB",0.4
"ID22",2.24187245068171e-07,0.960786912992122,0.816,0.554,0.00443487208193856,"7","ID2",0.262
"UGCG",2.84961636375898e-07,0.505677245449094,0.286,0.081,0.00563711109078801,"7","UGCG",0.205
"CCR72",7.85435440387679e-07,0.647264553236348,0.388,0.133,0.0155374838817491,"7","CCR7",0.255
"XBP1",1.33123216902161e-06,0.532759015832049,0.673,0.365,0.0263344347675855,"7","XBP1",0.308
"TUBB4B",2.19772714619354e-06,0.58914046511175,0.755,0.427,0.0434754384060007,"7","TUBB4B",0.328
